Text,value
PHV3429,plate
SF64,vrm
FVE,vrm
Peugeot,make
Independence,model
20/02/2023,license_start
19/02/2024,license_end
PHV3420,plate
VU15,vrm
JJL,vrm
Vauxhall,make
Insignia,model
21/02/2023,license_start
20/02/2024,license_end
PHV3541,plate
FM67,vrm
FMZ,vrm
Toyota,make
Auris,model
21/02/2023,license_start
20/02/2024,license_end
PHV3722,plate
BX17,vrm
LWK,vrm
Skoda,make
Fabia,model
21/02/2023,license_start
20/02/2024,license_end
PHV3720,plate
BX17,vrm
LWJ,vrm
Skoda,make
Fabia,model
22/02/2023,license_start
21/02/2024,license_end
PHV2904,plate
LP15,vrm
DWF,vrm
Peugeot,make
Expert,model
23/02/2023,license_start
22/02/2024,license_end
PHV2625,plate
KW66,vrm
CTK,vrm
Toyota,make
Prius,model
24/02/2023,license_start
23/02/2024,license_end
PHV3431,plate
FD16,vrm
XBC,vrm
Vauxhall,make
Astra,model
25/02/2023,license_start
24/02/2024,license_end
PHV3726,plate
GN17,vrm
RLU,vrm
Peugeot,make
5008,make
25/02/2023,license_start
24/02/2024,license_end
PHV3432,plate
WM64,vrm
LRV,vrm
Toyota,make
Verso,model
27/02/2023,license_start
26/02/2024,license_end
PHV3298,plate
YS16,vrm
CWZ,vrm
Toyota,make
Auris,model
01/03/2023,license_start
28/02/2024,license_end
PHV3428,plate
FJ14,vrm
ZZH,vrm
Vauxhall,make
Insignia,model
01/03/2023,license_start
29/02/2024,license_end
PHV3115,plate
LT14,vrm
EYY,vrm
Skoda,make
Superb,model
02/03/2023,license_start
01/03/2024,license_end
PHV3719,plate
WJ65,vrm
BUH,vrm
Peugeot,make
Boxer,model
02/03/2023,license_start
01/03/2024,license_end
PHV3723,plate
FG70,vrm
ONH,vrm
Toyota,make
Corolla,model
02/03/2023,license_start
01/03/2024,license_end
PHV3874,plate
HK67,vrm
LJC,vrm
Skoda,make
Superb,model
02/03/2023,license_start
01/03/2024,license_end
PHV3875,plate
DF67,vrm
UGE,vrm
Skoda,make
Octavia,model
02/03/2023,license_start
01/03/2024,license_end
PHV3438,plate
EF14,vrm
RPV,vrm
Toyota,make
Prius,model
03/03/2023,license_start
02/03/2024,license_end
PHV3706,plate
AF64,vrm
BUH,vrm
Vauxhall,make
Insignia,model
03/03/2023,license_start
02/03/2024,license_end
PHV3725,plate
RK19,vrm
XBO,vrm
Hyundai,make
Ioniq,model
03/03/2023,license_start
02/03/2024,license_end
PHV3433,plate
MD15,vrm
VPT,vrm
Volkswagen,make
Sharan,model
04/03/2023,license_start
03/03/2024,license_end
PHV2930,plate
GN64,vrm
NWX,vrm
Skoda,make
Superb,model
06/03/2023,license_start
05/03/2024,license_end
PHV3201,plate
R13,vrm
PON,vrm
Volkswagen,make
Sharan,model
06/03/2023,license_start
05/03/2024,license_end
PHV3709,plate
SF15,vrm
RNL,vrm
Skoda,make
Superb,model
06/03/2023,license_start
05/03/2024,license_end
PHV3214,plate
SH60,vrm
KAT,vrm
Volkswagen,make
Touran,model
07/03/2023,license_start
06/03/2024,license_end
PHV3711,plate
GN66,vrm
YWN,vrm
Skoda,make
Superb,model
07/03/2023,license_start
06/03/2024,license_end
PHV3435,plate
AL63,vrm
YAH,vrm
Volkswagen,make
Touran,model
08/03/2023,license_start
07/03/2024,license_end
PHV3427,plate
HN14,vrm
WKJ,vrm
Skoda,make
Octavia,model
09/03/2023,license_start
08/03/2024,license_end
PHV3724,plate
HG15,vrm
CVY,vrm
Volkswagen,make
Sharan,model
09/03/2023,license_start
08/03/2024,license_end
PHV3728,plate
KV22,vrm
BKA,vrm
Toyota,make
Corolla,model
09/03/2023,license_start
08/03/2024,license_end
PHV3876,plate
BV14,vrm
VHD,vrm
Ford,make
Galaxy,model
10/03/2023,license_start
09/03/2024,license_end
PHV3204,plate
GJ14,vrm
KFU,vrm
Volkswagen,make
Touran,model
11/03/2023,license_start
10/03/2024,license_end
PHV3205,plate
DS15,vrm
XVX,vrm
Vauxhall,make
Vivaro,model
14/03/2023,license_start
13/03/2024,license_end
PHV2702,plate
VU14,vrm
KKL,vrm
Volkswagen,make
Passat,model
15/03/2023,license_start
14/03/2024,license_end
PHV3389,plate
KW63,vrm
GXZ,vrm
Volkswagen,make
Touran,model
15/03/2023,license_start
14/03/2024,license_end
PHV3877,plate
YP67,vrm
YBH,vrm
Toyota,make
Prius,model
15/03/2023,license_start
14/03/2024,license_end
PHV3878,plate
DN67,vrm
OSK,vrm
Toyota,make
Prius,model
15/03/2023,license_start
14/03/2024,license_end
PHV3879,plate
CU68,vrm
JAO,vrm
Ford,make
Mondeo,model
20/03/2023,license_start
19/03/2024,license_end
PHV3165,plate
KN15,vrm
HUY,vrm
Seat,make
Alhambra,model
22/03/2023,license_start
21/03/2024,license_end
PHV3199,plate
CN64,vrm
KWW,vrm
Peugeot,make
Expert,model
22/03/2023,license_start
21/03/2024,license_end
PHV3548,plate
KS15,vrm
VSG,vrm
Seat,make
Alhambra,model
22/03/2023,license_start
21/03/2024,license_end
PHV3732,plate
LK67,vrm
ZDF,vrm
Peugeot,make
508,make
22/03/2023,license_start
21/03/2024,license_end
PHV3717,plate
SA64,vrm
AUY,vrm
Seat,make
Toledo,model
23/03/2023,license_start
22/03/2024,license_end
PHV3733,plate
KX16,vrm
SKZ,vrm
Toyota,make
Auris,model
23/03/2023,license_start
22/03/2024,license_end
PHV3880,plate
BN18,vrm
FMG,vrm
Skoda,make
Superb,model
23/03/2023,license_start
22/03/2024,license_end
PHV3558,plate
HN68,vrm
JGV,vrm
Toyota,make
Auris,model
25/03/2023,license_start
24/03/2024,license_end
PHV3177,plate
OY64,vrm
CKV,vrm
Skoda,make
Octavia,model
27/03/2023,license_start
26/03/2024,license_end
PHV3212,plate
RF64,vrm
BOU,vrm
Kia,make
Ceed,model
29/03/2023,license_start
28/03/2024,license_end
PHV3889,plate
NA69,vrm
KNU,vrm
Toyota,make
Corolla,model
29/03/2023,license_start
28/03/2024,license_end
PHV3442,plate
ND66,vrm
OOF,vrm
Skoda,make
Octavia,model
30/03/2023,license_start
29/03/2024,license_end
PHV3562,plate
KX19,vrm
PFN,vrm
Mercedes-Benz,make
Vito,model
30/03/2023,license_start
29/03/2024,license_end
PHV3749,plate
NV06,vrm
NAV,vrm
Toyota,make
Corolla,model
30/03/2023,license_start
29/03/2024,license_end
PHV3888,plate
HW19,vrm
PUX,vrm
Toyota,make
C-HR,model
31/03/2023,license_start
30/03/2024,license_end
PHV3890,plate
KY22,vrm
TDU,vrm
Toyota,make
Corolla,model
31/03/2023,license_start
30/03/2024,license_end
PHV3210,plate
GD14,vrm
YLL,vrm
Volkswagen,make
Passat,model
01/04/2023,license_start
31/03/2024,license_end
PHV2454,plate
LR16,vrm
PCU,vrm
Peugeot,make
Expert,model
04/04/2023,license_start
03/04/2024,license_end
PHV3734,plate
DP17,vrm
GKD,vrm
Skoda,make
Octavia,model
04/04/2023,license_start
03/04/2024,license_end
PHV3555,plate
SF65,vrm
EWW,vrm
Peugeot,make
Boxer,model
06/04/2023,license_start
05/04/2024,license_end
PHV3564,plate
WP67,vrm
YCL,vrm
Toyota,make
Prius,model
09/04/2023,license_start
08/04/2024,license_end
PHV3430,plate
SF13,vrm
FVE,vrm
Peugeot,make
Independence,model
12/04/2023,license_start
11/04/2024,license_end
PHV3739,plate
YS16,vrm
NSN,vrm
Toyota,make
Prius,model
13/04/2023,license_start
12/04/2024,license_end
PHV3740,plate
FJ17,vrm
KJN,vrm
Skoda,make
Superb,model
13/04/2023,license_start
12/04/2024,license_end
PHV3741,plate
KP22,vrm
MDY,vrm
Toyota,make
Prius,model
13/04/2023,license_start
12/04/2024,license_end
PHV3557,plate
GL64,vrm
NFY,vrm
Volkswagen,make
Passat,model
14/04/2023,license_start
13/04/2024,license_end
PHV3893,plate
HF68,vrm
XYY,vrm
Toyota,make
Auris,model
14/04/2023,license_start
13/04/2024,license_end
PHV3894,plate
BH17,vrm
LFW,vrm
Toyota,make
Prius,model
14/04/2023,license_start
13/04/2024,license_end
PHV3571,plate
KE66,vrm
UNS,vrm
Seat,make
Alhambra,model
15/04/2023,license_start
14/04/2024,license_end
PHV3218,plate
AK64,vrm
VVF,vrm
Skoda,make
Octavia,model
18/04/2023,license_start
17/04/2024,license_end
PHV3891,plate
FV68,vrm
FAK,vrm
Toyota,make
Prius,model
18/04/2023,license_start
17/04/2024,license_end
PHV3743,plate
WJ65,vrm
BLZ,vrm
Peugeot,make
Boxer,model
19/04/2023,license_start
18/04/2024,license_end
PHV3552,plate
YE17,vrm
ZWM,vrm
Skoda,make
Octavia,model
21/04/2023,license_start
20/04/2024,license_end
PHV3572,plate
NA66,vrm
GXY,vrm
Skoda,make
Octavia,model
23/04/2023,license_start
22/04/2024,license_end
PHV3417,plate
KV18,vrm
WFS,vrm
Mercedes-Benz,make
Vito,model
24/04/2023,license_start
23/04/2024,license_end
PHV3566,plate
LS14,vrm
OYM,vrm
Volkswagen,make
Sharan,model
25/04/2023,license_start
24/04/2024,license_end
PHV3895,plate
AR05,vrm
ACE,vrm
Toyota,make
Prius,model
25/04/2023,license_start
24/04/2024,license_end
PHV3551,plate
SJ17,vrm
FPU,vrm
Mercedes-Benz,make
Vito,model
27/04/2023,license_start
26/04/2024,license_end
PHV3896,plate
DV66,vrm
FDN,vrm
Vauxhall,make
Insignia,model
28/04/2023,license_start
27/04/2024,license_end
PHV3169,plate
LR16,vrm
UYJ,vrm
Vauxhall,make
Vivaro,model
02/05/2023,license_start
01/05/2024,license_end
PHV3745,plate
FJ65,vrm
OMC,vrm
Toyota,make
Prius,model
02/05/2023,license_start
01/05/2024,license_end
PHV3873,plate
MH16,vrm
ZKU,vrm
Skoda,make
Superb,model
02/05/2023,license_start
01/05/2024,license_end
PHV3573,plate
FM18,vrm
UJY,vrm
Toyota,make
Auris,model
03/05/2023,license_start
02/05/2024,license_end
PHV3750,plate
N26,vrm
LEM,vrm
Mercedes-Benz,make
E220,model
03/05/2023,license_start
02/05/2024,license_end
PHV3578,plate
FM67,vrm
FVV,vrm
Toyota,make
Auris,model
05/05/2023,license_start
04/05/2024,license_end
PHV3579,plate
LS17,vrm
YWE,vrm
Toyota,make
Prius,model
05/05/2023,license_start
04/05/2024,license_end
PHV3742,plate
LC14,vrm
HDA,vrm
Honda,make
Accord,model
05/05/2023,license_start
04/05/2024,license_end
PHV3746,plate
DV63,vrm
CRU,vrm
Volkswagen,make
Passat,model
06/05/2023,license_start
05/05/2024,license_end
PHV3575,plate
WR18,vrm
FBZ,vrm
Toyota,make
Prius,model
07/05/2023,license_start
06/05/2024,license_end
PHV3567,plate
KV66,vrm
YWL,vrm
Mercedes-Benz,make
E220,model
09/05/2023,license_start
08/05/2024,license_end
PHV3187,plate
AY15,vrm
ZXL,vrm
Ford,make
Tourneo,model
10/05/2023,license_start
09/05/2024,license_end
PHV2946,plate
LT13,vrm
EWM,vrm
Volkswagen,make
Passat,model
11/05/2023,license_start
10/05/2024,license_end
PHV3707,plate
FL65,vrm
WXH,vrm
Seat,make
Leon,model
11/05/2023,license_start
10/05/2024,license_end
PHV3751,plate
EF63,vrm
YDG,vrm
Volkswagen,make
Passat,model
11/05/2023,license_start
10/05/2024,license_end
PHV3209,plate
YD64,vrm
YFW,vrm
Renault,make
Trafic,model
12/05/2023,license_start
11/05/2024,license_end
PHV3580,plate
SJ18,vrm
KMV,vrm
Toyota,make
Prius,model
12/05/2023,license_start
11/05/2024,license_end
PHV3581,plate
AK67,vrm
LBF,vrm
Skoda,make
Octavia,model
12/05/2023,license_start
11/05/2024,license_end
PHV3898,plate
DA71,vrm
WNC,vrm
Ford,make
Mondeo,model
12/05/2023,license_start
11/05/2024,license_end
PHV3736,plate
DV66,vrm
YDM,vrm
Vauxhall,make
Insignia,model
16/05/2023,license_start
15/05/2024,license_end
PHV3753,plate
GY17,vrm
VFP,vrm
Mercedes-Benz,make
C350,model
16/05/2023,license_start
15/05/2024,license_end
PHV3757,plate
KN22,vrm
VGC,vrm
Toyota,make
Corolla,model
16/05/2023,license_start
15/05/2024,license_end
PHV3900,plate
YP63,vrm
OCH,vrm
Volkswagen,make
Touran,model
16/05/2023,license_start
15/05/2024,license_end
PHV3585,plate
RK67,vrm
UVV,vrm
Toyota,make
Auris,model
17/05/2023,license_start
16/05/2024,license_end
PHV2981,plate
MF65,vrm
OJU,vrm
Mercedes-Benz,make
E220,model
18/05/2023,license_start
17/05/2024,license_end
PHV3754,plate
M900,vrm
ABU,vrm
Toyota,make
Prius,model
18/05/2023,license_start
17/05/2024,license_end
PHV3591,plate
DA67,vrm
HKG,vrm
Toyota,make
Prius,model
19/05/2023,license_start
18/05/2024,license_end
PHV3761,plate
OV67,vrm
HDO,vrm
BMW,make
320D,model
19/05/2023,license_start
18/05/2024,license_end
PHV3747,plate
WM15,vrm
FSK,vrm
Volkswagen,make
Passat,model
21/05/2023,license_start
20/05/2024,license_end
PHV3760,plate
BK17,vrm
NHA,vrm
Renault,make
Trafic,model
23/05/2023,license_start
22/05/2024,license_end
PHV3766,plate
YN68,vrm
ZPS,vrm
Toyota,make
Prius,model
23/05/2023,license_start
22/05/2024,license_end
PHV3589,plate
VX68,vrm
RNF,vrm
BMW,make
216D,model
Sport,model
24/05/2023,license_start
23/05/2024,license_end
PHV3897,plate
S10,vrm
LWE,vrm
Mercedes-Benz,make
E220D,model
24/05/2023,license_start
23/05/2024,license_end
PHV3587,plate
FM67,vrm
FNX,vrm
Toyota,make
Auris,model
25/05/2023,license_start
24/05/2024,license_end
PHV3590,plate
RE19,vrm
ORK,vrm
Toyota,make
Prius,model
25/05/2023,license_start
24/05/2024,license_end
PHV3744,plate
KS71,vrm
AUM,vrm
Kia,make
Niro,model
25/05/2023,license_start
24/05/2024,license_end
PHV3899,plate
LC21,vrm
VWB,vrm
Toyota,make
Corolla,model
25/05/2023,license_start
24/05/2024,license_end
PHV3902,plate
HF15,vrm
YGA,vrm
Ford,make
Galaxy,model
25/05/2023,license_start
24/05/2024,license_end
PHV2468,plate
RK62,vrm
VVU,vrm
Toyota,make
Prius,model
27/05/2023,license_start
25/05/2024,license_end
PHV3586,plate
FL17,vrm
VGC,vrm
Toyota,make
Auris,model
26/05/2023,license_start
25/05/2024,license_end
PHV2767,plate
PJ13,vrm
FUA,vrm
Volkswagen,make
Touran,model
27/05/2023,license_start
26/05/2024,license_end
PHV3762,plate
KR16,vrm
ZYY,vrm
Audi,make
A4,model
27/05/2023,license_start
26/05/2024,license_end
PHV3588,plate
EY68,vrm
HZL,vrm
Mercedes-Benz,make
Vito,model
28/05/2023,license_start
27/05/2024,license_end
PHV3758,plate
YW14,vrm
BPY,vrm
Citroen,make
C4,model
Picasso,model
30/05/2023,license_start
29/05/2024,license_end
PHV3770,plate
GM14,vrm
ONH,vrm
Skoda,make
Superb,model
30/05/2023,license_start
29/05/2024,license_end
PHV3406,plate
LO69,vrm
SHJ,vrm
Hyundai,make
Ioniq,model
31/05/2023,license_start
30/05/2024,license_end
PHV3565,plate
OU64,vrm
EBX,vrm
Skoda,make
Superb,model
31/05/2023,license_start
30/05/2024,license_end
PHV3763,plate
JO08,vrm
BUR,vrm
Mercedes-Benz,make
E200,model
31/05/2023,license_start
30/05/2024,license_end
PHV3903,plate
BV67,vrm
SUF,vrm
Seat,make
Alhambra,model
31/05/2023,license_start
30/05/2024,license_end
PHV3768,plate
NG63,vrm
EOV,vrm
Volkswagen,make
Passat,model
01/06/2023,license_start
31/05/2024,license_end
PHV3772,plate
KX63,vrm
TKT,vrm
Volkswagen,make
Passat,model
01/06/2023,license_start
31/05/2024,license_end
PHV3904,plate
FM65,vrm
CAE,vrm
Vauxhall,make
Vivaro,model
01/06/2023,license_start
31/05/2024,license_end
PHV3906,plate
MO12,vrm
SAN,vrm
Skoda,make
Superb,model
01/06/2023,license_start
31/05/2024,license_end
PHV3767,plate
EY17,vrm
RCF,vrm
Volkswagen,make
Sharan,model
02/06/2023,license_start
01/06/2024,license_end
PHV3769,plate
SC13,vrm
OKR,vrm
Skoda,make
Superb,model
02/06/2023,license_start
01/06/2024,license_end
PHV3755,plate
AS11,vrm
KOR,vrm
Volkswagen,make
Touran,model
05/06/2023,license_start
04/06/2024,license_end
PHV2374,plate
ND63,vrm
OTJ,vrm
Skoda,make
Octavia,model
06/06/2023,license_start
05/06/2024,license_end
PHV3908,plate
GM64,vrm
AHG,vrm
Volkswagen,make
Sharan,model
06/06/2023,license_start
05/06/2024,license_end
PHV2732,plate
AV64,vrm
HZJ,vrm
Mercedes-Benz,make
Vito,model
113,model
09/06/2023,license_start
08/06/2024,license_end
PHV3599,plate
FM18,vrm
UYN,vrm
Toyota,make
Auris,model
09/06/2023,license_start
08/06/2024,license_end
PHV3910,plate
EO69,vrm
TZX,vrm
Toyota,make
Prius,model
09/06/2023,license_start
08/06/2024,license_end
PHV3909,plate
DM19,vrm
ZZO,vrm
Ford,make
Mondeo,model
12/06/2023,license_start
11/06/2024,license_end
PHV3911,plate
KJ17,vrm
KAT,vrm
Hyundai,make
Ioniq,model
13/06/2023,license_start
12/06/2024,license_end
PHV3914,plate
AJ16,vrm
HVF,vrm
BMW,make
320D,model
13/06/2023,license_start
12/06/2024,license_end
PHV3597,plate
NX67,vrm
XML,vrm
Toyota,make
Prius,model
14/06/2023,license_start
13/06/2024,license_end
PHV3912,plate
RG12,vrm
AJA,vrm
Seat,make
Alhambra,model
14/06/2023,license_start
13/06/2024,license_end
PHV3913,plate
OW17,vrm
WBK,vrm
Skoda,make
Octavia,model
14/06/2023,license_start
13/06/2024,license_end
PHV3421,plate
YJ14,vrm
HPN,vrm
Vauxhall,make
Vivaro,model
15/06/2023,license_start
14/06/2024,license_end
PHV3780,plate
GJ15,vrm
VLS,vrm
Volkswagen,make
Sharan,model
15/06/2023,license_start
14/06/2024,license_end
PHV3916,plate
YM72,vrm
OSA,vrm
Ford,make
Galaxy,model
16/06/2023,license_start
15/06/2024,license_end
PHV3918,plate
WM18,vrm
XPT,vrm
Volkswagen,make
Passat,model
16/06/2023,license_start
15/06/2024,license_end
PHV3779,plate
DE68,vrm
XTO,vrm
Toyota,make
Auris,model
17/06/2023,license_start
16/06/2024,license_end
PHV3783,plate
LG68,vrm
UOS,vrm
Toyota,make
Prius,model
17/06/2023,license_start
16/06/2024,license_end
PHV3602,plate
FG17,vrm
KCU,vrm
Toyota,make
Prius,model
18/06/2023,license_start
17/06/2024,license_end
PHV3781,plate
FN66,vrm
UDL,vrm
Toyota,make
Prius,model
21/06/2023,license_start
20/06/2024,license_end
PHV3786,plate
SK60,vrm
KTH,vrm
Audi,make
A6,model
21/06/2023,license_start
20/06/2024,license_end
PHV3231,plate
YC13,vrm
LLU,vrm
Vauxhall,make
Vivaro,model
22/06/2023,license_start
21/06/2024,license_end
PHV3594,plate
MH19,vrm
MUW,vrm
Toyota,make
Prius,model
22/06/2023,license_start
21/06/2024,license_end
PHV3605,plate
FN18,vrm
NHY,vrm
Toyota,make
Auris,model
22/06/2023,license_start
21/06/2024,license_end
PHV3915,plate
RO17,vrm
FNS,vrm
BMW,make
530I,model
22/06/2023,license_start
21/06/2024,license_end
PHV3765,plate
KN68,vrm
LJA,vrm
Toyota,make
Prius,model
23/06/2023,license_start
22/06/2024,license_end
PHV3601,plate
AV64,vrm
LMJ,vrm
Vauxhall,make
Zafira,model
24/06/2023,license_start
23/06/2024,license_end
PHV3603,plate
MK65,vrm
FKA,vrm
Vauxhall,make
Insignia,model
26/06/2023,license_start
25/06/2024,license_end
PHV3917,plate
VE19,vrm
JSU,vrm
Vauxhall,make
Vivaro,model
26/06/2023,license_start
25/06/2024,license_end
PHV2861,plate
LC13,vrm
ZTZ,vrm
Volkswagen,make
Sharan,model
28/06/2023,license_start
27/06/2024,license_end
PHV3078,plate
WP13,vrm
WJM,vrm
Vauxhall,make
Vivaro,model
28/06/2023,license_start
27/06/2024,license_end
PHV3615,plate
FY64,vrm
GUG,vrm
Volkswagen,make
Passat,model
28/06/2023,license_start
27/06/2024,license_end
PHV3785,plate
ND17,vrm
ANV,vrm
Toyota,make
Prius,model
28/06/2023,license_start
27/06/2024,license_end
PHV3920,plate
RA19,vrm
ONP,vrm
Hyundai,make
Ioniq,model
28/06/2023,license_start
27/06/2024,license_end
PHV3609,plate
YF66,vrm
ACJ,vrm
Mercedes-Benz,make
S350D,model
29/06/2023,license_start
28/06/2024,license_end
PHV3771,plate
SL63,vrm
BVZ,vrm
Volkswagen,make
Passat,model
30/05/2023,license_start
29/06/2024,license_end
PHV3775,plate
BN15,vrm
KCU,vrm
Vauxhall,make
Insignia,model
30/06/2023,license_start
29/06/2024,license_end
PHV3620,plate
RV17,vrm
TVK,vrm
Toyota,make
Prius,model
01/07/2023,license_start
30/06/2024,license_end
PHV3788,plate
FN18,vrm
UTL,vrm
Vauxhall,make
Insignia,model
03/07/2023,license_start
02/07/2024,license_end
PHV3445,plate
VA14,vrm
XDT,vrm
Volkswagen,make
Passat,model
04/07/2023,license_start
03/07/2024,license_end
PHV3610,plate
SG17,vrm
TFT,vrm
Skoda,make
Rapid,model
04/07/2023,license_start
03/07/2024,license_end
PHV3612,plate
MK18,vrm
RZF,vrm
Toyota,make
Prius,model
04/07/2023,license_start
03/07/2024,license_end
PHV3614,plate
GD15,vrm
VLA,vrm
Skoda,make
Octavia,model
04/07/2023,license_start
03/07/2024,license_end
PHV3443,plate
RX65,vrm
SSK,vrm
Toyota,make
Prius,model
05/07/2023,license_start
04/07/2024,license_end
PHV3451,plate
GX19,vrm
YSU,vrm
Toyota,make
Prius,model
06/07/2023,license_start
05/07/2024,license_end
PHV3787,plate
AN12,vrm
JAT,vrm
Toyota,make
Corolla,model
06/07/2023,license_start
05/07/2024,license_end
PHV3790,plate
EO69,vrm
VYP,vrm
Toyota,make
Corolla,model
10/07/2023,license_start
09/07/2024,license_end
PHV3132,plate
KO13,vrm
WTP,vrm
Skoda,make
Superb,model
11/07/2023,license_start
10/07/2024,license_end
PHV3234,plate
OV64,vrm
UXY,vrm
Skoda,make
Superb,model
11/07/2023,license_start
10/07/2024,license_end
PHV3604,plate
YB17,vrm
WBX,vrm
Volkswagen,make
Passat,model
11/07/2023,license_start
10/07/2024,license_end
PHV3923,plate
KX17,vrm
GRU,vrm
Toyota,make
Prius,model
11/07/2023,license_start
10/07/2024,license_end
PHV3131,plate
DS13,vrm
BMV,vrm
Vauxhall,make
Insignia,model
12/07/2023,license_start
11/07/2024,license_end
PHV3302,plate
FW13,vrm
BTO,vrm
Volkswagen,make
Sharan,model
12/07/2023,license_start
11/07/2024,license_end
PHV3618,plate
NL17,vrm
CWF,vrm
Toyota,make
Prius,model
12/07/2023,license_start
11/07/2024,license_end
PHV3782,plate
BX17,vrm
LWY,vrm
Skoda,make
Fabia,model
12/07/2023,license_start
11/07/2024,license_end
PHV3921,plate
KD15,vrm
LCM,vrm
Ford,make
Galaxy,model
12/07/2023,license_start
11/07/2024,license_end
PHV3922,plate
OE19,vrm
ZYS,vrm
Skoda,make
Superb,model
12/07/2023,license_start
11/07/2024,license_end
PHV3925,plate
BT17,vrm
WYO,vrm
Mercedes-Benz,make
S350D,model
12/07/2023,license_start
11/07/2024,license_end
PHV3457,plate
YB65,vrm
RBO,vrm
Volkswagen,make
Passat,model
13/07/2023,license_start
12/07/2024,license_end
PHV3789,plate
DA17,vrm
WTK,vrm
Skoda,make
Superb,model
14/07/2023,license_start
13/07/2024,license_end
PHV3926,plate
EX68,vrm
XGT,vrm
Hyundai,make
Ioniq,model
14/07/2023,license_start
13/07/2024,license_end
PHV3793,plate
AU68,vrm
YOL,vrm
Hyundai,make
Ioniq,model
15/07/2023,license_start
14/07/2024,license_end
PHV3464,plate
KP20,vrm
HTJ,vrm
Toyota,make
Corolla,model
17/07/2023,license_start
16/07/2024,license_end
PHV3607,plate
WG15,vrm
YEX,vrm
Volkswagen,make
Touran,model
18/07/2023,license_start
17/07/2024,license_end
PHV3776,plate
KN67,vrm
ZZF,vrm
Vauxhall,make
Insignia,model
18/07/2023,license_start
17/07/2024,license_end
PHV3225,plate
FY13,vrm
HGE,vrm
Volkswagen,make
Passat,model
19/07/2023,license_start
18/07/2024,license_end
PHV3266,plate
WA62,vrm
HHL,vrm
Renault,make
Master,model
20/07/2023,license_start
19/07/2024,license_end
PHV3927,plate
LT18,vrm
HWZ,vrm
Toyota,make
Auris,model
20/07/2023,license_start
19/07/2024,license_end
PHV3046,plate
GK14,vrm
TCO,vrm
Skoda,make
Superb,model
21/07/2023,license_start
20/07/2024,license_end
PHV3626,plate
KO21,vrm
YXV,vrm
Toyota,make
Corolla,model
21/07/2023,license_start
20/07/2024,license_end
PHV3622,plate
DA14,vrm
KUX,vrm
Skoda,make
Superb,model
22/07/2023,license_start
21/07/2024,license_end
PHV3303,plate
WK13,vrm
EKE,vrm
Peugeot,make
Boxer,model
24/07/2023,license_start
23/07/2024,license_end
PHV3907,plate
ST15,vrm
OGZ,vrm
Volkswagen,make
Transporter,model
24/07/2023,license_start
23/07/2024,license_end
PHV3595,plate
SF15,vrm
HEV,vrm
Peugeot,make
Expert,model
25/07/2023,license_start
24/07/2024,license_end
PHV3928,plate
YD23,vrm
GFX,vrm
Kia,make
Niro,model
27/07/2023,license_start
26/07/2024,license_end
PHV2730,plate
OE63,vrm
MXJ,vrm
Volkswagen,make
Touran,model
28/07/2023,license_start
27/07/2024,license_end
PHV3241,plate
WF63,vrm
BSV,vrm
Toyota,make
Auris,model
28/07/2023,license_start
27/07/2024,license_end
PHV3250,plate
FD14,vrm
VVX,vrm
Skoda,make
Superb,model
28/07/2023,license_start
27/07/2024,license_end
PHV3795,plate
YO17,vrm
GPX,vrm
Ford,make
Focus,model
28/07/2023,license_start
27/07/2024,license_end
PHV3123,plate
BL62,vrm
TZP,vrm
Toyota,make
Avensis,model
30/07/2023,license_start
29/07/2024,license_end
PHV2706,plate
LR63,vrm
JXY,vrm
Vauxhall,make
Zafira,model
31/07/2023,license_start
30/07/2024,license_end
PHV3058,plate
LD14,vrm
NLP,vrm
Skoda,make
Octavia,model
31/07/2023,license_start
30/07/2024,license_end
PHV3792,plate
FX66,vrm
YSR,vrm
Volkswagen,make
Passat,model
31/07/2023,license_start
30/07/2024,license_end
PHV3477,plate
LK16,vrm
EWC,vrm
Toyota,make
Prius,model
02/08/2023,license_start
31/07/2024,license_end
PHV3931,plate
KS21,vrm
GYT,vrm
Kia,make
Niro,model
01/08/2023,license_start
31/07/2024,license_end
PHV3297,plate
WR67,vrm
EXV,vrm
Skoda,make
Octavia,model
02/08/2023,license_start
01/08/2024,license_end
PHV3299,plate
ML16,vrm
LVJ,vrm
Skoda,make
Octavia,model
03/08/2023,license_start
01/08/2024,license_end
PHV3455,plate
OW67,vrm
GOC,vrm
Toyota,make
Prius,model
03/08/2023,license_start
02/08/2024,license_end
PHV3467,plate
KX16,vrm
LCM,vrm
Mercedes-Benz,make
Vito,model
03/08/2023,license_start
02/08/2024,license_end
PHV3625,plate
FM67,vrm
FTX,vrm
Toyota,make
Auris,model
03/08/2023,license_start
02/08/2024,license_end
PHV3797,plate
AO67,vrm
XEZ,vrm
Toyota,make
Auris,model
04/08/2023,license_start
03/08/2024,license_end
PHV3800,plate
NK67,vrm
LYA,vrm
Toyota,make
Auris,model
04/08/2023,license_start
03/08/2024,license_end
PHV3301,plate
FY63,vrm
FBV,vrm
Skoda,make
Superb,model
06/08/2023,license_start
05/08/2024,license_end
PHV2788,plate
DS13,vrm
VGN,vrm
Volkswagen,make
Passat,model
07/08/2023,license_start
06/08/2024,license_end
PHV3249,plate
FT63,vrm
OHF,vrm
Skoda,make
Superb,model
07/08/2023,license_start
06/08/2024,license_end
PHV2504,plate
DX63,vrm
JNJ,vrm
Vauxhall,make
Vivaro,model
08/08/2023,license_start
07/08/2024,license_end
PHV2782,plate
MX14,vrm
VOU,vrm
Audi,make
A6,model
08/08/2023,license_start
07/08/2024,license_end
PHV3933,plate
KJ18,vrm
NAE,vrm
Toyota,make
Auris,model
08/08/2023,license_start
07/08/2024,license_end
PHV3939,plate
FL18,vrm
MWX,vrm
Toyota,make
Auris,model
09/08/2023,license_start
08/08/2024,license_end
PHV3104,plate
PJ62,vrm
URA,vrm
Volkswagen,make
Passat,model
10/08/2023,license_start
09/08/2024,license_end
PHV3617,plate
GF64,vrm
GWZ,vrm
Volkswagen,make
Sharan,model
10/08/2023,license_start
09/08/2024,license_end
PHV3801,plate
FG16,vrm
OXD,vrm
Toyota,make
Verso,model
10/08/2023,license_start
09/08/2024,license_end
PHV3629,plate
FH66,vrm
GVO,vrm
BMW,make
520D,model
11/08/2023,license_start
10/08/2024,license_end
PHV3631,plate
FV68,vrm
FNK,vrm
Toyota,make
Prius,model
11/08/2023,license_start
10/08/2024,license_end
PHV3798,plate
LR66,vrm
LSL,vrm
Toyota,make
Auris,model
11/08/2023,license_start
10/08/2024,license_end
PHV3258,plate
LN17,vrm
AEU,vrm
Toyota,make
Auris,model
13/08/2023,license_start
12/08/2024,license_end
PHV3479,plate
GF14,vrm
VUN,vrm
Volkswagen,make
Touran,model
13/08/2023,license_start
12/08/2024,license_end
PHV3940,plate
FM18,vrm
ULJ,vrm
Toyota,make
Auris,model
14/08/2023,license_start
13/08/2024,license_end
PHV3937,plate
FN70,vrm
JMV,vrm
Seat,make
Alhambra,model
15/08/2023,license_start
14/08/2024,license_end
PHV3251,plate
R3,vrm
UXY,vrm
Nissan,make
Note,model
16/08/2023,license_start
15/08/2024,license_end
PHV3934,plate
LM64,vrm
TKX,vrm
Volkswagen,make
Touran,model
16/08/2023,license_start
15/08/2024,license_end
PHV3471,plate
MX14,vrm
NHK,vrm
Toyota,make
Prius,model
17/08/2023,license_start
16/08/2024,license_end
PHV3930,plate
MW63,vrm
PKF,vrm
Vauxhall,make
Zafira,model
17/08/2023,license_start
16/08/2024,license_end
PHV3284,plate
BF17,vrm
TRV,vrm
Vauxhall,make
Zafira,model
19/08/2023,license_start
17/08/2024,license_end
PHV3478,plate
YR15,vrm
TUP,vrm
Toyota,make
Avensis,model
18/08/2023,license_start
17/08/2024,license_end
PHV3482,plate
LN67,vrm
NMY,vrm
Toyota,make
Prius,model
18/08/2023,license_start
17/08/2024,license_end
PHV3632,plate
DF67,vrm
XPG,vrm
Toyota,make
Auris,model
18/08/2023,license_start
17/08/2024,license_end
PHV3936,plate
YE20,vrm
MRU,vrm
Renault,make
Trafic,model
18/08/2023,license_start
17/08/2024,license_end
PHV2977,plate
HF63,vrm
WUO,vrm
Toyota,make
Auris,model
19/08/2023,license_start
18/08/2024,license_end
PHV3469,plate
LM67,vrm
OKK,vrm
Toyota,make
Prius,model
19/08/2023,license_start
18/08/2024,license_end
PHV3938,plate
VX66,vrm
UWU,vrm
Renault,make
Trafic,model
17/08/2023,license_start
18/08/2024,license_end
PHV3468,plate
YA17,vrm
MHF,vrm
Skoda,make
Octavia,model
21/08/2023,license_start
20/08/2024,license_end
PHV3796,plate
KS16,vrm
EWH,vrm
Seat,make
Alhambra,model
21/08/2023,license_start
20/08/2024,license_end
PHV3941,plate
KP72,vrm
YXL,vrm
Toyota,make
Yaris,model
Cross,model
21/08/2023,license_start
20/08/2024,license_end
PHV3500,plate
BK16,vrm
DDL,vrm
Renault,make
Master,model
22/08/2023,license_start
21/08/2024,license_end
PHV3935,plate
DV67,vrm
HVG,vrm
Vauxhall,make
Insignia,model
22/08/2023,license_start
21/08/2024,license_end
PHV3583,plate
DU15,vrm
FXW,vrm
Vauxhall,make
Insignia,model
23/08/2023,license_start
22/08/2024,license_end
PHV3638,plate
GJ15,vrm
CNC,vrm
Volkswagen,make
Sharan,model
23/08/2023,license_start
22/08/2024,license_end
PHV3628,plate
GJ14,vrm
VWP,vrm
Skoda,make
Octavia,model
24/08/2023,license_start
23/08/2024,license_end
PHV3804,plate
BA51,vrm
TAK,vrm
Ford,make
Mondeo,model
25/08/2023,license_start
23/08/2024,license_end
PHV3006,plate
S5,vrm
DTC,vrm
Volkswagen,make
Touran,model
25/08/2023,license_start
24/08/2024,license_end
PHV3338,plate
R123,vrm
FFY,vrm
Mercedes-Benz,make
E220,model
26/08/2023,license_start
25/08/2024,license_end
PHV3309,plate
DF16,vrm
PXP,vrm
Skoda,make
Octavia,model
27/08/2023,license_start
26/08/2024,license_end
PHV3634,plate
GH16,vrm
EOD,vrm
Volkswagen,make
Sharan,model
27/08/2023,license_start
26/08/2024,license_end
PHV3944,plate
EF69,vrm
UZA,vrm
Toyota,make
Prius,model
29/08/2023,license_start
28/08/2024,license_end
PHV3080,plate
T5,vrm
DTC,vrm
Volkswagen,make
Touran,model
31/08/2023,license_start
30/08/2024,license_end
PHV3624,plate
LY15,vrm
GWV,vrm
Skoda,make
Rapid,model
31/08/2023,license_start
30/08/2024,license_end
PHV3627,plate
DC16,vrm
MUE,vrm
Toyota,make
Auris,model
01/09/2023,license_start
31/08/2024,license_end
PHV3803,plate
S17,vrm
SHU,vrm
Toyota,make
Auris,model
01/09/2023,license_start
31/08/2024,license_end
PHV3313,plate
EJ17,vrm
UBT,vrm
Ford,make
Transit,model
02/09/2023,license_start
01/09/2024,license_end
PHV3315,plate
RJ15,vrm
UOU,vrm
Toyota,make
Prius,model
03/09/2023,license_start
02/09/2024,license_end
PHV3641,plate
SJ16,vrm
EYF,vrm
Mercedes-Benz,make
Vito,model
03/09/2023,license_start
02/09/2024,license_end
PHV2808,plate
SN63,vrm
UTK,vrm
Ford,make
Galaxy,model
05/09/2023,license_start
04/09/2024,license_end
PHV3473,plate
YJ16,vrm
BMO,vrm
Renault,make
Master,model
05/09/2023,license_start
04/09/2024,license_end
PHV3485,plate
BN16,vrm
HBJ,vrm
Toyota,make
Verso,model
05/09/2023,license_start
04/09/2024,license_end
PHV3042,plate
YT13,vrm
BPO,vrm
Ford,make
Transit,model
06/09/2023,license_start
05/09/2024,license_end
PHV3642,plate
LAL,vrm
45A,vrm
Skoda,make
Octavia,model
06/09/2023,license_start
05/09/2024,license_end
PHV3943,plate
FD67,vrm
DTF,vrm
Kia,make
Optima,model
06/09/2023,license_start
05/09/2024,license_end
PHV3945,plate
MV67,vrm
FPU,vrm
Volkswagen,make
Passat,model
06/09/2023,license_start
05/09/2024,license_end
PHV3946,plate
KP69,vrm
AXU,vrm
Toyota,make
Corolla,model
06/09/2023,license_start
05/09/2024,license_end
PHV2907,plate
WU64,vrm
KRV,vrm
Toyota,make
Avensis,model
07/09/2023,license_start
06/09/2024,license_end
PHV3264,plate
YJ63,vrm
YXA,vrm
Volkswagen,make
Passat,model
07/09/2023,license_start
06/09/2024,license_end
PHV3276,plate
FJ66,vrm
ZGX,vrm
Toyota,make
Avensis,model
08/09/2023,license_start
07/09/2024,license_end
PHV3497,plate
WX19,vrm
ZFV,vrm
Mercedes-Benz,make
Vito,model
08/09/2023,license_start
07/09/2024,license_end
PHV3807,plate
LO66,vrm
CKL,vrm
BMW,make
520D,model
08/09/2023,license_start
07/09/2024,license_end
PHV3095,plate
MA11,vrm
SUD,vrm
Jaguar,make
XF,model
09/09/2023,license_start
08/09/2024,license_end
PHV3321,plate
RV15,vrm
XUO,vrm
Toyota,make
Auris,model
10/09/2023,license_start
09/09/2024,license_end
PHV3805,plate
DV15,vrm
JKK,vrm
Vauxhall,make
Vivaro,model
11/09/2023,license_start
10/09/2024,license_end
PHV3949,plate
FY17,vrm
WTM,vrm
Vauxhall,make
Astra,model
Sri,model
turbo,model
11/09/2023,license_start
10/09/2024,license_end
PHV3616,plate
FM67,vrm
LVE,vrm
Toyota,make
Avensis,model
12/09/2023,license_start
11/09/2024,license_end
PHV3651,plate
GL16,vrm
ANU,vrm
Skoda,make
Octavia,model
12/09/2023,license_start
11/09/2024,license_end
PHV3322,plate
SF14,vrm
CSZ,vrm
Peugeot,make
Boxer,model
13/09/2023,license_start
12/09/2024,license_end
PHV3953,plate
GL18,vrm
KYF,vrm
Volkswagen,make
Passat,model
13/09/2023,license_start
12/09/2024,license_end
PHV2752,plate
MD63,vrm
CXP,vrm
Volkswagen,make
Passat,model
14/09/2023,license_start
13/09/2024,license_end
PHV2809,plate
KS15,vrm
VRL,vrm
Seat,make
Alhambra,model
14/09/2023,license_start
13/09/2024,license_end
PHV3648,plate
EG18,vrm
NBZ,vrm
Toyota,make
Auris,model
14/09/2023,license_start
13/09/2024,license_end
PHV3649,plate
KX64,vrm
EHL,vrm
Skoda,make
Superb,model
14/09/2023,license_start
13/09/2024,license_end
PHV3316,plate
VN63,vrm
MPV,vrm
Skoda,make
Octavia,model
15/09/2023,license_start
14/09/2024,license_end
PHV3647,plate
BK66,vrm
WTN,vrm
Hyundai,make
i40,model
15/09/2023,license_start
14/09/2024,license_end
PHV3812,plate
FD65,vrm
AAU,vrm
Toyota,make
Auris,model
15/09/2023,license_start
14/09/2024,license_end
PHV3942,plate
BJ68,vrm
VHF,vrm
Ford,make
Mondeo,model
15/09/2023,license_start
14/09/2024,license_end
PHV3021,plate
DE15,vrm
KOA,vrm
Toyota,make
Avensis,model
16/09/2023,license_start
15/09/2024,license_end
PHV3028,plate
N24,vrm
DDS,vrm
Toyota,make
Auris,model
16/09/2023,license_start
15/09/2024,license_end
PHV3474,plate
KY66,vrm
TYO,vrm
Fiat,make
Ducato,model
16/09/2023,license_start
15/09/2024,license_end
PHV3496,plate
FL17,vrm
VFA,vrm
Toyota,make
Auris,model
16/09/2023,license_start
15/09/2024,license_end
PHV3813,plate
WF67,vrm
CKL,vrm
Toyota,make
C-HR,model
16/09/2023,license_start
15/09/2024,license_end
PHV3814,plate
DSZ,vrm
2949,vrm
Nissan,make
Qashqai,model
16/09/2023,license_start
15/09/2024,license_end
PHV3815,plate
RE18,vrm
HVB,vrm
Volkswagen,make
Passat,model
16/09/2023,license_start
15/09/2024,license_end
PHV3654,plate
MA66,vrm
XWS,vrm
Kia,make
Optima,model
17/09/2023,license_start
16/09/2024,license_end
PHV3495,plate
YJ14,vrm
OLA,vrm
Toyota,make
Prius,model
18/09/2023,license_start
17/09/2024,license_end
PHV3802,plate
GM16,vrm
OCH,vrm
Skoda,make
Fabia,model
18/09/2023,license_start
17/09/2024,license_end
PHV3948,plate
KR69,vrm
CYT,vrm
Toyota,make
Prius,model
18/09/2023,license_start
17/09/2024,license_end
PHV3951,plate
EG19,vrm
RFK,vrm
Toyota,make
Prius,model
18/09/2023,license_start
17/09/2024,license_end
PHV3197,plate
YY64,vrm
VOM,vrm
Volkswagen,make
Sharan,model
20/09/2023,license_start
19/09/2024,license_end
PHV3645,plate
OW15,vrm
UDP,vrm
Skoda,make
Octavia,model
20/09/2023,license_start
19/09/2024,license_end
PHV3265,plate
LS15,vrm
XDT,vrm
Ford,make
Galaxy,model
21/09/2023,license_start
20/09/2024,license_end
PHV3489,plate
AF16,vrm
WGY,vrm
Skoda,make
Rapid,model
21/09/2023,license_start
20/09/2024,license_end
PHV3637,plate
FM67,vrm
FVN,vrm
Toyota,make
Auris,model
21/09/2023,license_start
20/09/2024,license_end
PHV2765,plate
KR63,vrm
FMP,vrm
Toyota,make
Avensis,model
23/09/2023,license_start
22/09/2024,license_end
PHV3035,plate
FL17,vrm
USJ,vrm
Toyota,make
Auris,model
23/09/2023,license_start
22/09/2024,license_end
PHV3486,plate
FM67,vrm
FSN,vrm
Toyota,make
Auris,model
23/09/2023,license_start
22/09/2024,license_end
PHV3239,plate
WR62,vrm
DTX,vrm
Toyota,make
Verso,model
24/09/2023,license_start
23/09/2024,license_end
PHV3020,plate
MK67,vrm
RXD,vrm
Toyota,make
Auris,model
25/09/2023,license_start
24/09/2024,license_end
PHV3335,plate
AP17,vrm
KYS,vrm
Toyota,make
Prius,model
25/09/2023,license_start
24/09/2024,license_end
PHV3330,plate
FN15,vrm
KTU,vrm
Toyota,make
Auris,model
26/09/2023,license_start
25/09/2024,license_end
PHV3956,plate
DY66,vrm
UZS,vrm
Vauxhall,make
Vivaro,model
26/09/2023,license_start
25/09/2024,license_end
PHV3101,plate
YE14,vrm
TDX,vrm
Volkswagen,make
Passat,model
27/09/2023,license_start
26/09/2024,license_end
PHV3336,plate
HY18,vrm
VMA,vrm
Renault,make
Trafic,model
27/09/2023,license_start
26/09/2024,license_end
PHV3472,plate
KY66,vrm
TYA,vrm
Fiat,make
Ducato,model
27/09/2023,license_start
26/09/2024,license_end
PHV3494,plate
FM18,vrm
UXJ,vrm
Toyota,make
Auris,model
27/09/2023,license_start
26/09/2024,license_end
PHV3502,plate
YG63,vrm
OCP,vrm
Skoda,make
Superb,model
27/09/2023,license_start
26/09/2024,license_end
PHV3656,plate
LT18,vrm
HWX,vrm
Toyota,make
Auris,model
27/09/2023,license_start
26/09/2024,license_end
PHV3817,plate
FT19,vrm
OJX,vrm
Skoda,make
Octavia,model
27/09/2023,license_start
26/09/2024,license_end
PHV3816,plate
LT16,vrm
ZJN,vrm
Volkswagen,make
Jetta,model
28/09/2023,license_start
27/09/2024,license_end
PHV3059,plate
AY65,vrm
LND,vrm
Seat,make
Toledo,model
30/09/2023,license_start
29/09/2024,license_end
PHV3646,plate
R70,vrm
CON,vrm
Skoda,make
Octavia,model
30/09/2023,license_start
29/09/2024,license_end
PHV3818,plate
FA16,vrm
LHJ,vrm
Toyota,make
Auris,model
30/09/2023,license_start
29/09/2024,license_end
PHV3506,plate
YJ19,vrm
AVO,vrm
Renault,make
Master,model
01/10/2023,license_start
30/09/2024,license_end
PHV3090,plate
HK63,vrm
SRZ,vrm
Skoda,make
Superb,model
02/10/2023,license_start
01/10/2024,license_end
PHV3952,plate
FG70,vrm
UTW,vrm
Toyota,make
Corolla,model
02/10/2023,license_start
01/10/2024,license_end
PHV3342,plate
FX16,vrm
UPD,vrm
Toyota,make
Verso,model
03/10/2023,license_start
02/10/2024,license_end
PHV3810,plate
CF16,vrm
NVK,vrm
Seat,make
Alhambra,model
03/10/2023,license_start
02/10/2024,license_end
PHV3955,plate
FD16,vrm
SMV,vrm
Vauxhall,make
Vivaro,model
03/10/2023,license_start
02/10/2024,license_end
PHV3957,plate
NG17,vrm
EKB,vrm
Toyota,make
Auris,model
03/10/2023,license_start
02/10/2024,license_end
PHV3023,plate
YD64,vrm
JVW,vrm
Vauxhall,make
Vivaro,model
04/10/2023,license_start
03/10/2024,license_end
PHV3454,plate
BV66,vrm
TWZ,vrm
Mercedes-Benz,make
Vito,model
04/10/2023,license_start
03/10/2024,license_end
Galaxy,model
Zetec,model
TDCI,model
PHV3950,plate
AK14,vrm
MXS,vrm
Ford,make
Auto,model
04/10/2023,license_start
03/10/2024,license_end
PHV3954,plate
DF67,vrm
YPO,vrm
Skoda,make
Superb,model
04/10/2023,license_start
03/10/2024,license_end
PHV3493,plate
FN18,vrm
MGV,vrm
Toyota,make
Auris,model
05/10/2023,license_start
04/10/2024,license_end
PHV3505,plate
ML16,vrm
YYF,vrm
Toyota,make
Auris,model
05/10/2023,license_start
04/10/2024,license_end
PHV3652,plate
FG65,vrm
RNF,vrm
Toyota,make
Auris,model
05/10/2023,license_start
04/10/2024,license_end
PHV3962,plate
WN69,vrm
NCE,vrm
Toyota,make
Prius,model
05/10/2023,license_start
04/10/2024,license_end
PHV2550,plate
DL13,vrm
WUU,vrm
Vauxhall,make
Vivaro,model
06/10/2023,license_start
05/10/2024,license_end
PHV3273,plate
GK13,vrm
CVB,vrm
Skoda,make
Superb,model
06/10/2023,license_start
05/10/2024,license_end
PHV3501,plate
SM65,vrm
UTY,vrm
Ford,make
Grand,model
C,model
Max,model
06/10/2023,license_start
05/10/2024,license_end
PHV3664,plate
BK17,vrm
XNJ,vrm
Skoda,make
Octavia,model
07/10/2023,license_start
06/10/2024,license_end
PHV3089,plate
YT13,vrm
BPE,vrm
Ford,make
Transit,model
09/10/2023,license_start
08/10/2024,license_end
PHV2830,plate
MF63,vrm
OBT,vrm
Toyota,make
Auris,model
10/10/2023,license_start
09/10/2024,license_end
PHV2955,plate
WV64,vrm
FHY,vrm
Mercedes-Benz,make
Vito,model
11/10/2023,license_start
10/10/2024,license_end
PHV3963,plate
KX17,vrm
GUC,vrm
Skoda,make
Superb,model
11/10/2023,license_start
10/10/2024,license_end
PHV3109,plate
GM14,vrm
ETF,vrm
Skoda,make
Superb,model
12/10/2023,license_start
11/10/2024,license_end
PHV3964,plate
FT21,vrm
RWN,vrm
Toyota,make
Prius,model
12/10/2023,license_start
11/10/2024,license_end
PHV3509,plate
BF64,vrm
XUD,vrm
Skoda,make
Octavia,model
13/10/2023,license_start
12/10/2024,license_end
PHV3675,plate
MH68,vrm
KVE,vrm
Toyota,make
Prius,model
13/10/2023,license_start
12/10/2024,license_end
PHV2851,plate
ND14,vrm
KZX,vrm
Skoda,make
Rapid,model
16/10/2023,license_start
15/10/2024,license_end
PHV3111,plate
LM63,vrm
ZFU,vrm
Volkswagen,make
Passat,model
17/10/2023,license_start
15/10/2024,license_end
PHV3965,plate
YJ14,vrm
CFZ,vrm
Renault,make
Master,model
17/10/2023,license_start
16/10/2024,license_end
PHV3659,plate
DU16,vrm
YHR,vrm
Vauxhall,make
Vivaro,model
18/10/2023,license_start
17/10/2024,license_end
PHV3662,plate
DK65,vrm
MFY,vrm
Vauxhall,make
Vivaro,model
18/10/2023,license_start
17/10/2024,license_end
PHV3670,plate
YG66,vrm
WEC,vrm
Skoda,make
Octavia,model
18/10/2023,license_start
17/10/2024,license_end
PHV3450,plate
DU13,vrm
NKW,vrm
Vauxhall,make
Zafira,model
19/10/2023,license_start
18/10/2024,license_end
PHV3672,plate
YE67,vrm
VYT,vrm
Skoda,make
Fabia,model
19/10/2023,license_start
18/10/2024,license_end
PHV3821,plate
ND18,vrm
FWV,vrm
Toyota,make
Prius,model
19/10/2023,license_start
18/10/2024,license_end
PHV2821,plate
KX64,vrm
ZRC,vrm
Toyota,make
Auris,model
20/10/2023,license_start
19/10/2024,license_end
PHV3346,plate
SC16,vrm
XWY,vrm
Toyota,make
Auris,model
20/10/2023,license_start
19/10/2024,license_end
PHV3959,plate
FN68,vrm
XBA,vrm
Toyota,make
Auris,model
23/10/2023,license_start
22/10/2024,license_end
PHV3666,plate
BN15,vrm
EJU,vrm
Toyota,make
Auris,model
24/10/2023,license_start
23/10/2024,license_end
PHV2841,plate
FV63,vrm
BVO,vrm
Skoda,make
Octavia,model
25/10/2023,license_start
24/10/2024,license_end
PHV3345,plate
HG63,vrm
AXM,vrm
Skoda,make
Octavia,model
27/10/2023,license_start
26/10/2024,license_end
PHV3671,plate
GK66,vrm
XUN,vrm
Skoda,make
Octavia,model
28/10/2023,license_start
27/10/2024,license_end
PHV3359,plate
YJ14,vrm
HSV,vrm
Vauxhall,make
Vivaro,model
31/10/2023,license_start
30/10/2024,license_end
PHV3399,plate
KP63,vrm
WBG,vrm
Toyota,make
Prius,model
01/11/2023,license_start
31/10/2024,license_end
PHV3661,plate
KR66,vrm
OPN,vrm
Volkswagen,make
Passat,model
01/11/2023,license_start
31/10/2024,license_end
PHV3970,plate
HF69,vrm
WHU,vrm
Toyota,make
Prius,model
01/11/2023,license_start
31/10/2024,license_end
PHV3459,plate
GF14,vrm
DFX,vrm
Volkswagen,make
Sharan,model
02/11/2023,license_start
01/11/2024,license_end
PHV3512,plate
WJ65,vrm
AYN,vrm
Peugeot,make
Boxer,model
02/11/2023,license_start
01/11/2024,license_end
PHV3584,plate
FP19,vrm
XHE,vrm
Toyota,make
Corolla,model
02/11/2023,license_start
01/11/2024,license_end
PHV3621,plate
KW63,vrm
AYE,vrm
Citroen,make
C4,model
Grand,model
Picasso,model
02/11/2023,license_start
01/11/2024,license_end
PHV3665,plate
FV15,vrm
BMY,vrm
Audi,make
A3,model
02/11/2023,license_start
01/11/2024,license_end
PHV2824,plate
DL16,vrm
PPK,vrm
Vauxhall,make
Vivaro,model
03/11/2023,license_start
02/11/2024,license_end
PHV3669,plate
BG66,vrm
PXJ,vrm
Vauxhall,make
Astra,model
03/11/2023,license_start
02/11/2024,license_end
PHV3967,plate
RK69,vrm
JGF,vrm
Audi,make
A5,model
03/11/2023,license_start
02/11/2024,license_end
PHV2872,plate
YH63,vrm
KCF,vrm
Renault,make
Trafic,model
06/11/2023,license_start
05/11/2024,license_end
PHV3334,plate
AU15,vrm
XCE,vrm
Vauxhall,make
Insignia,model
06/11/2023,license_start
05/11/2024,license_end
PHV3966,plate
CK72,vrm
HFF,vrm
Hyundai,make
Ioniq,model
06/11/2023,license_start
05/11/2024,license_end
PHV3504,plate
FP63,vrm
HWU,vrm
Toyota,make
Avensis,model
07/11/2023,license_start
06/11/2024,license_end
PHV3974,plate
AP17,vrm
KUG,vrm
Seat,make
Alhambra,model
07/11/2023,license_start
06/11/2024,license_end
PHV2587,plate
DU65,vrm
HVP,vrm
Vauxhall,make
Vivaro,model
08/11/2023,license_start
07/11/2024,license_end
PHV3968,plate
VN68,vrm
KVH,vrm
Hyundai,make
Ioniq,model
08/11/2023,license_start
07/11/2024,license_end
PHV3973,plate
CN17,vrm
XHY,vrm
Ford,make
Grand,model
C,model
Max,model
09/11/2023,license_start
08/11/2024,license_end
PHV3975,plate
FJ17,vrm
HCU,vrm
Toyota,make
Auris,model
09/11/2023,license_start
08/11/2024,license_end
PHV2842,plate
MJ66,vrm
OKW,vrm
Toyota,make
Auris,model
10/11/2023,license_start
09/11/2024,license_end
PHV3972,plate
EK68,vrm
LNM,vrm
Hyundai,make
Ioniq,model
10/11/2023,license_start
09/11/2024,license_end
PHV3980,plate
YN18,vrm
LNY,vrm
Toyota,make
Prius,model
10/11/2023,license_start
09/11/2024,license_end
PHV3117,plate
KX14,vrm
HDH,vrm
Toyota,make
Prius,model
13/11/2023,license_start
12/11/2024,license_end
PHV3174,plate
KP63,vrm
VXO,vrm
Skoda,make
Superb,model
13/11/2023,license_start
12/11/2024,license_end
PHV2837,plate
WU66,vrm
OJH,vrm
Toyota,make
Verso,model
14/11/2023,license_start
13/11/2024,license_end
PHV3808,plate
SL63,vrm
FJV,vrm
Mercedes-Benz,make
Vito,model
14/11/2023,license_start
13/11/2024,license_end
PHV3360,plate
VA65,vrm
LZF,vrm
Volkswagen,make
Sharan,model
15/11/2023,license_start
14/11/2024,license_end
PHV3663,plate
MX17,vrm
VHV,vrm
Toyota,make
Avensis,model
15/11/2023,license_start
14/11/2024,license_end
PHV3824,plate
FV19,vrm
XFY,vrm
Toyota,make
Auris,model
15/11/2023,license_start
14/11/2024,license_end
PHV3826,plate
KP18,vrm
OFV,vrm
Hyundai,make
Ioniq,model
15/11/2023,license_start
14/11/2024,license_end
PHV3834,plate
GV17,vrm
HDO,vrm
Mercedes-Benz,make
E220D,model
15/11/2023,license_start
14/11/2024,license_end
PHV2860,plate
ET14,vrm
LKD,vrm
Volkswagen,make
Sharan,model
17/11/2023,license_start
16/11/2024,license_end
PHV3503,plate
MD65,vrm
EWR,vrm
Citroen,make
C4,model
Grand,model
Picasso,model
17/11/2023,license_start
16/11/2024,license_end
PHV3683,plate
FJ65,vrm
JHX,vrm
Ford,make
Focus,model
18/11/2023,license_start
17/11/2024,license_end
PHV3682,plate
LK67,vrm
UDS,vrm
Vauxhall,make
Vivaro,model
19/11/2023,license_start
18/11/2024,license_end
PHV3685,plate
GM14,vrm
HGA,vrm
Volkswagen,make
Passat,model
19/11/2023,license_start
18/11/2024,license_end
PHV3969,plate
CY68,vrm
CXE,vrm
Skoda,make
Superb,model
20/11/2023,license_start
19/11/2024,license_end
PHV3976,plate
KX17,vrm
FXP,vrm
Skoda,make
Fabia,model
20/11/2023,license_start
19/11/2024,license_end
PHV3379,plate
MA66,vrm
PZF,vrm
Toyota,make
Auris,model
21/11/2023,license_start
20/11/2024,license_end
PHV3380,plate
RE64,vrm
HLP,vrm
Volkswagen,make
Touran,model
21/11/2023,license_start
20/11/2024,license_end
PHV3543,plate
OV70,vrm
BPX,vrm
Toyota,make
Corolla,model
21/11/2023,license_start
20/11/2024,license_end
PHV3676,plate
EK17,vrm
LDV,vrm
Toyota,make
Prius,model
22/11/2023,license_start
21/11/2024,license_end
PHV3827,plate
DA16,vrm
WZF,vrm
Vauxhall,make
Zafira,model
22/11/2023,license_start
21/11/2024,license_end
PHV3971,plate
FL17,vrm
RHU,vrm
Vauxhall,make
Astra,model
22/11/2023,license_start
21/11/2024,license_end
PHV2879,plate
KP63,vrm
VMM,vrm
Toyota,make
Prius,model
23/11/2023,license_start
22/11/2024,license_end
PHV3361,plate
LF16,vrm
EZM,vrm
Volkswagen,make
Passat,model
23/11/2023,license_start
22/11/2024,license_end
PHV3522,plate
WP15,vrm
UNB,vrm
Volkswagen,make
Touran,model
23/11/2023,license_start
22/11/2024,license_end
PHV3832,plate
FM17,vrm
DEU,vrm
Toyota,make
Auris,model
23/11/2023,license_start
22/11/2024,license_end
PHV3269,plate
FY63,vrm
MFF,vrm
Volkswagen,make
Sharan,model
24/11/2023,license_start
23/11/2024,license_end
PHV3979,plate
KX20,vrm
GDJ,vrm
Toyota,make
Corolla,model
24/11/2023,license_start
23/11/2024,license_end
PHV3684,plate
BX66,vrm
NNB,vrm
Toyota,make
Prius,model
25/11/2023,license_start
24/11/2024,license_end
PHV3833,plate
BU18,vrm
BKN,vrm
Hyundai,make
Ioniq,model
25/11/2023,license_start
24/11/2024,license_end
PHV3367,plate
HK17,vrm
VDO,vrm
Hyundai,make
Ioniq,model
27/11/2023,license_start
26/11/2024,license_end
PHV3511,plate
FM18,vrm
UOO,vrm
Toyota,make
Auris,model
27/11/2023,license_start
26/11/2024,license_end
PHV3517,plate
EN17,vrm
YAW,vrm
BMW,make
216D,model
28/11/2023,license_start
27/11/2024,license_end
PHV3978,plate
YE68,vrm
JDJ,vrm
Toyota,make
C-HR,model
28/11/2023,license_start
27/11/2024,license_end
PHV3385,plate
KP63,vrm
VZZ,vrm
Toyota,make
Prius,model
29/11/2023,license_start
28/11/2024,license_end
PHV3837,plate
MD18,vrm
SYO,vrm
Peugeot,make
Boxer,model
29/11/2023,license_start
28/11/2024,license_end
PHV3388,plate
KP63,vrm
VZY,vrm
Toyota,make
Prius,model
30/11/2023,license_start
29/11/2024,license_end
PHV3681,plate
FJ66,vrm
HUV,vrm
Toyota,make
Prius,model
30/11/2023,license_start
29/11/2024,license_end
PHV3836,plate
GX66,vrm
MZJ,vrm
Toyota,make
Auris,model
30/11/2023,license_start
29/11/2024,license_end
PHV3977,plate
DG69,vrm
DHL,vrm
Toyota,make
Corolla,model
30/11/2023,license_start
29/11/2024,license_end
PHV3981,plate
LJ67,vrm
ZFZ,vrm
Kia,make
Ceed,model
30/11/2023,license_start
29/11/2024,license_end
PHV3274,plate
FN14,vrm
YXA,vrm
Ford,make
Galaxy,model
01/12/2023,license_start
30/11/2024,license_end
PHV3397,plate
KP63,vrm
WBJ,vrm
Toyota,make
Prius,model
01/12/2023,license_start
30/11/2024,license_end
PHV3525,plate
SF68,vrm
FKY,vrm
Peugeot,make
Boxer,model
02/12/2023,license_start
01/12/2024,license_end
PHV2887,plate
FH16,vrm
LYR,vrm
Toyota,make
Auris,model
04/12/2023,license_start
03/12/2024,license_end
PHV3401,plate
AU67,vrm
VGV,vrm
Toyota,make
Auris,model
12/01/2024,license_start
03/12/2024,license_end
PHV3390,plate
GV65,vrm
OSR,vrm
Toyota,make
Prius,model
05/12/2023,license_start
04/12/2024,license_end
PHV3689,plate
GC16,vrm
YHG,vrm
Skoda,make
Rapid,model
05/12/2023,license_start
04/12/2024,license_end
PHV3546,plate
KM63,vrm
EFF,vrm
Skoda,make
Superb,model
06/12/2023,license_start
05/12/2024,license_end
PHV3392,plate
AK64,vrm
BWU,vrm
Volkswagen,make
Passat,model
08/12/2023,license_start
07/12/2024,license_end
PHV2806,plate
YB15,vrm
KXO,vrm
Ford,make
Tourneo,model
11/12/2023,license_start
10/12/2024,license_end
PHV3619,plate
FT63,vrm
LHJ,vrm
Volkswagen,make
Sharan,model
11/12/2023,license_start
10/12/2024,license_end
PHV3829,plate
YF64,vrm
KXU,vrm
Ford,make
Galaxy,model
11/12/2023,license_start
10/12/2024,license_end
PHV3842,plate
AV67,vrm
OHR,vrm
Skoda,make
Superb,model
11/12/2023,license_start
10/12/2024,license_end
PHV3847,plate
SK19,vrm
GWX,vrm
Toyota,make
C-HR,model
12/12/2023,license_start
11/12/2024,license_end
PHV3850,plate
GJ69,vrm
XTM,vrm
Hyundai,make
Ioniq,model
12/12/2023,license_start
11/12/2024,license_end
PHV3139,plate
FV63,vrm
BZN,vrm
Skoda,make
Superb,model
14/12/2023,license_start
12/12/2024,license_end
PHV3687,plate
AV16,vrm
FET,vrm
Volkswagen,make
Sharan,model
13/12/2023,license_start
12/12/2024,license_end
PHV3986,plate
ES57,vrm
NGH,vrm
Toyota,make
Corolla,model
13/12/2023,license_start
12/12/2024,license_end
PHV3153,plate
OY13,vrm
YSV,vrm
Skoda,make
Fabia,model
14/12/2023,license_start
13/12/2024,license_end
PHV3695,plate
RF17,vrm
OVG,vrm
Kia,make
Optima,model
14/12/2023,license_start
13/12/2024,license_end
PHV3849,plate
PJ20,vrm
EUB,vrm
Toyota,make
Prius,model
14/12/2023,license_start
13/12/2024,license_end
PHV3983,plate
LG17,vrm
XAV,vrm
Kia,make
Ceed,model
14/12/2023,license_start
13/12/2024,license_end
PHV3384,plate
KP63,vrm
VZM,vrm
Vauxhall,make
Astra,model
15/12/2023,license_start
14/12/2024,license_end
PHV3686,plate
MF65,vrm
XPO,vrm
Volkswagen,make
Passat,model
17/12/2023,license_start
16/12/2024,license_end
PHV3694,plate
YN18,vrm
XRU,vrm
Hyundai,make
Ioniq,model
17/12/2023,license_start
16/12/2024,license_end
PHV3366,plate
DF14,vrm
VNS,vrm
Toyota,make
Auris,model
19/12/2023,license_start
18/12/2024,license_end
PHV3528,plate
WP67,vrm
YBO,vrm
Toyota,make
Prius,model
19/12/2023,license_start
18/12/2024,license_end
PHV3530,plate
HA51,vrm
VVV,vrm
Audi,make
A4,model
20/12/2023,license_start
19/12/2024,license_end
PHV3698,plate
SL17,vrm
KZT,vrm
Toyota,make
Auris,model
20/12/2023,license_start
19/12/2024,license_end
PHV3828,plate
KY71,vrm
ZVJ,vrm
Toyota,make
Corolla,model
20/12/2023,license_start
19/12/2024,license_end
PHV3988,plate
ET67,vrm
KWX,vrm
Volkswagen,make
Passat,model
20/12/2023,license_start
19/12/2024,license_end
PHV3692,plate
HK65,vrm
FHD,vrm
Seat,make
Alhambra,model
21/12/2023,license_start
20/12/2024,license_end
PHV3987,plate
YS17,vrm
FNN,vrm
Seat,make
Alhambra,model
21/12/2023,license_start
20/12/2024,license_end
PHV3990,plate
OY22,vrm
UJU,vrm
Mercedes-Benz,make
E220,model
AMG,model
21/12/2023,license_start
20/12/2024,license_end
PHV3510,plate
FN18,vrm
NNT,vrm
Toyota,make
Auris,model
22/12/2023,license_start
21/12/2024,license_end
PHV3820,plate
DH66,vrm
AHC,vrm
Skoda,make
Superb,model
22/12/2023,license_start
21/12/2024,license_end
PHV3843,plate
MF66,vrm
YST,vrm
Volkswagen,make
Transporter,model
22/12/2023,license_start
21/12/2024,license_end
PHV3992,plate
BX64,vrm
VYS,vrm
Toyota,make
Prius,model
22/12/2023,license_start
21/12/2024,license_end
PHV3989,plate
LC14,vrm
ULK,vrm
Volkswagen,make
Sharan,model
28/12/2023,license_start
27/12/2024,license_end
PHV3152,plate
DN14,vrm
DVT,vrm
Toyota,make
Auris,model
29/12/2023,license_start
28/12/2024,license_end
PHV3851,plate
T6,vrm
DTC,vrm
Volkswagen,make
Touran,model
29/12/2023,license_start
28/12/2024,license_end
PHV3994,plate
DY19,vrm
WAA,vrm
Hyundai,make
Ioniq,model
29/12/2023,license_start
28/12/2024,license_end
PHV3982,plate
EY20,vrm
WRP,vrm
Skoda,make
Superb,model
03/01/2024,license_start
02/01/2025,license_end
PHV2635,plate
AM14,vrm
SAJ,vrm
Volkswagen,make
Touran,model
04/01/2024,license_start
03/01/2025,license_end
PHV3519,plate
FM67,vrm
FUH,vrm
Toyota,make
Auris,model
04/01/2024,license_start
03/01/2025,license_end
PHV3857,plate
ME19,vrm
ODS,vrm
Skoda,make
Superb,model
04/01/2024,license_start
03/01/2025,license_end
PHV3991,plate
LJ18,vrm
KUH,vrm
Toyota,make
Prius,model
04/01/2024,license_start
03/01/2025,license_end
PHV3993,plate
LA14,vrm
GHA,vrm
Ford,make
Tourneo,model
08/01/2024,license_start
07/01/2025,license_end
PHV3861,plate
DA69,vrm
HBP,vrm
Toyota,make
Prius,model
13/01/2024,license_start
08/01/2025,license_end
PHV3368,plate
LM64,vrm
UWP,vrm
Volkswagen,make
Sharan,model
10/01/2024,license_start
09/01/2025,license_end
PHV3481,plate
LT65,vrm
OFE,vrm
Ford,make
Galaxy,model
10/01/2024,license_start
09/01/2025,license_end
PHV3854,plate
LK19,vrm
FKA,vrm
Volkswagen,make
Transporter,model
11/01/2024,license_start
09/01/2025,license_end
PHV3157,plate
MK64,vrm
TZA,vrm
Skoda,make
Octavia,model
11/01/2024,license_start
10/01/2025,license_end
PHV3516,plate
FM64,vrm
DTN,vrm
Ford,make
Grand,model
C,model
Max,model
11/01/2024,license_start
10/01/2025,license_end
PHV3998,plate
EN21,vrm
OJA,vrm
Hyundai,make
Ioniq,model
11/01/2024,license_start
10/01/2025,license_end
PHV3999,plate
EK,vrm
1127,vrm
Skoda,make
Superb,model
11/01/2024,license_start
10/01/2025,license_end
PHV3436,plate
GJ13,vrm
BFF,vrm
Seat,make
Exeo,model
12/01/2024,license_start
11/01/2025,license_end
PHV3996,plate
FG21,vrm
BKJ,vrm
Skoda,make
Octavia,model
12/01/2024,license_start
11/01/2025,license_end
PHV3845,plate
BG64,vrm
LHZ,vrm
Ford,make
Galaxy,model
13/01/2024,license_start
12/01/2025,license_end
PHV3535,plate
WP67,vrm
YCA,vrm
Toyota,make
Prius,model
14/01/2024,license_start
13/01/2025,license_end
PHV3703,plate
GF19,vrm
TNX,vrm
Volkswagen,make
Transporter,model
14/01/2024,license_start
13/01/2025,license_end
PHV3704,plate
OV68,vrm
JHH,vrm
Skoda,make
Octavia,model
14/01/2024,license_start
13/01/2025,license_end
PHV3176,plate
FA16,vrm
KVS,vrm
Toyota,make
Auris,model
16/01/2024,license_start
15/01/2025,license_end
PHV3526,plate
DP16,vrm
RJU,vrm
Vauxhall,make
Vivaro,model
16/01/2024,license_start
15/01/2025,license_end
PHV3859,plate
GD14,vrm
CYA,vrm
Volkswagen,make
Sharan,model
16/01/2024,license_start
15/01/2025,license_end
PHV3408,plate
FG65,vrm
UBL,vrm
Volkswagen,make
Passat,model
17/01/2024,license_start
16/01/2025,license_end
PHV4000,plate
M11,vrm
AHG,vrm
Toyota,make
Prius,model
17/01/2024,license_start
16/01/2025,license_end
PHV3702,plate
YM65,vrm
GFJ,vrm
Vauxhall,make
Insignia,model
18/01/2024,license_start
17/01/2025,license_end
PHV3856,plate
SL63,vrm
FKF,vrm
Mercedes-Benz,make
Vito,model
18/01/2024,license_start
17/01/2025,license_end
PHV3947,plate
YJ14,vrm
CFV,vrm
Renault,make
Master,model
SL30,model
19/01/2024,license_start
18/01/2025,license_end
PHV3997,plate
EN67,vrm
HPC,vrm
Hyundai,make
Ioniq,model
19/01/2024,license_start
18/01/2025,license_end
PHV4001,plate
RK18,vrm
LLN,vrm
Hyundai,make
Ioniq,model
19/01/2024,license_start
18/01/2025,license_end
PHV4003,plate
PN69,vrm
EYO,vrm
Volkswagen,make
Sharan,model
19/01/2024,license_start
18/01/2025,license_end
PHV3693,plate
KP71,vrm
JFX,vrm
Skoda,make
Enyaq,model
22/01/2024,license_start
21/01/2025,license_end
PHV3423,plate
WX66,vrm
ZPY,vrm
Volkswagen,make
Passat,model
09/02/2024,license_start
23/01/2025,license_end
PHV3699,plate
EN18,vrm
HLF,vrm
Hyundai,make
Ioniq,model
24/01/2024,license_start
23/01/2025,license_end
PHV2820,plate
GU64,vrm
HNB,vrm
Toyota,make
Auris,model
26/01/2024,license_start
25/01/2025,license_end
PHV3866,plate
FL19,vrm
YKR,vrm
Toyota,make
Corolla,model
27/01/2024,license_start
26/01/2025,license_end
PHV3680,plate
NA18,vrm
WNL,vrm
Hyundai,make
Ioniq,model
29/01/2024,license_start
28/01/2025,license_end
PHV4010,plate
KP73,vrm
FBC,vrm
Toyota,make
RAV4,model
29/01/2024,license_start
28/01/2025,license_end
PHV3674,plate
S17,vrm
YRO,vrm
Mercedes-Benz,make
V220,model
30/01/2024,license_start
29/01/2025,license_end
PHV3865,plate
BK67,vrm
HSZ,vrm
Volkswagen,make
Passat,model
30/01/2024,license_start
29/01/2025,license_end
PHV3697,plate
YG66,vrm
WFW,vrm
Skoda,make
Octavia,model
01/02/2024,license_start
31/01/2025,license_end
PHV2925,plate
F3,vrm
PKR,vrm
Mercedes-Benz,make
V-,model
Class,model
02/02/2024,license_start
01/02/2025,license_end
PHV3164,plate
TX51,vrm
CUZ,vrm
Volkswagen,make
Sharan,model
02/02/2024,license_start
01/02/2025,license_end
PHV3395,plate
MX63,vrm
CUA,vrm
Vauxhall,make
Insignia,model
02/02/2024,license_start
01/02/2025,license_end
PHV3537,plate
FD66,vrm
CYH,vrm
Toyota,make
Prius,model
02/02/2024,license_start
01/02/2025,license_end
PHV3864,plate
FE19,vrm
DZM,vrm
Vauxhall,make
Insignia,model
02/02/2024,license_start
01/02/2025,license_end
PHV3995,plate
DG14,vrm
JXJ,vrm
Vauxhall,make
Zafira,model
02/02/2024,license_start
01/02/2025,license_end
PHV2922,plate
SF14,vrm
FCN,vrm
Peugeot,make
Expert,model
03/02/2024,license_start
02/02/2025,license_end
PHV3407,plate
RE63,vrm
WOY,vrm
Skoda,make
Superb,model
03/02/2024,license_start
02/02/2025,license_end
PHV3867,plate
KR17,vrm
WYM,vrm
Toyota,make
Prius,model
05/02/2024,license_start
04/02/2025,license_end
PHV4004,plate
OY71,vrm
JVJ,vrm
Hyundai,make
Ioniq,model
05/02/2024,license_start
04/02/2025,license_end
PHV4009,plate
OY20,vrm
OFX,vrm
Toyota,make
Corolla,model
05/02/2024,license_start
04/02/2025,license_end
PHV3536,plate
SF68,vrm
DXC,vrm
Citroen,make
Relay,model
06/02/2024,license_start
05/02/2025,license_end
PHV3415,plate
YJ17,vrm
DVW,vrm
Renault,make
Master,model
07/02/2024,license_start
06/02/2025,license_end
PHV4005,plate
FD70,vrm
XRF,vrm
Toyota,make
C-HR,model
07/02/2024,license_start
06/02/2025,license_end
PHV4006,plate
MX16,vrm
FUJ,vrm
Peugeot,make
Boxer,model
07/02/2024,license_start
06/02/2025,license_end
PHV3540,plate
MV17,vrm
ZSF,vrm
Toyota,make
Auris,model
16/02/2024,license_start
07/02/2025,license_end
PHV4008,plate
KX17,vrm
MDS,vrm
Seat,make
Alhambra,model
08/02/2024,license_start
07/02/2025,license_end
PHV2733,plate
AV14,vrm
NXH,vrm
Mercedes-Benz,make
Vito,model
09/02/2024,license_start
08/02/2025,license_end
PHV3412,plate
LS66,vrm
DDK,vrm
Toyota,make
Prius,model
10/02/2024,license_start
09/02/2025,license_end
PHV3533,plate
SG14,vrm
MOU,vrm
Mercedes-Benz,make
Vito,model
13/02/2024,license_start
12/02/2025,license_end
PHV4013,plate
KO17,vrm
VDR,vrm
Mercedes-Benz,make
E,model
Class,model
13/02/2024,license_start
12/02/2025,license_end
PHV3716,plate
CA68,vrm
SWF,vrm
Hyundai,make
Ioniq,model
15/02/2024,license_start
14/02/2025,license_end
PHV3869,plate
LR22,vrm
WLX,vrm
Hyundai,make
Ioniq,model
15/02/2024,license_start
14/02/2025,license_end
PHV3870,plate
NX69,vrm
UHW,vrm
Hyundai,make
Ioniq,model
16/02/2024,license_start
14/02/2025,license_end
PHV4014,plate
MD68,vrm
OZS,vrm
Volkswagen,make
Passat,model
15/02/2024,license_start
14/02/2025,license_end
PHV3542,plate
FM67,vrm
FVO,vrm
Toyota,make
Auris,model
16/02/2024,license_start
15/02/2025,license_end
PHV3403,plate
LK15,vrm
HBD,vrm
Toyota,make
Prius,model
18/02/2024,license_start
17/02/2025,license_end
PHV3871,plate
H8,vrm
ERA,vrm
Toyota,make
Auris,model
20/02/2024,license_start
19/02/2025,license_end
PHV3872,plate
KM18,vrm
KCU,vrm
Mercedes-Benz,make
C220d,model
23/02/2024,license_start
22/02/2025,license_end
PHV2945,plate
KU14,vrm
UHG,vrm
Volkswagen,make
Sharan,model
26/02/2024,license_start
25/02/2025,license_end
PHV3729,plate
FP63,vrm
MWN,vrm
Vauxhall,make
Movano,model
15/03/2024,license_start
14/03/2025,license_end
Hackney,plate
Carriage,plate
Vehicles,plate
TXV18,plate
SF67,vrm
BOH,vrm
Peugeot,make
Horizon,model
20/02/2023,license_start
19/02/2024,license_end
TXV48,plate
PN60,vrm
UXU,vrm
Citroen,make
Berlingo,model
20/02/2023,license_start
19/02/2024,license_end
TXV38,plate
SF62,vrm
AVB,vrm
Peugeot,make
Partner,model
22/02/2023,license_start
21/02/2024,license_end
TXV69,plate
DK57,vrm
UAA,vrm
Mercedes,make
Vito,model
27/02/2023,license_start
26/02/2024,license_end
TXV50,plate
SF62,vrm
ECD,vrm
Peugeot,make
Horizon,model
29/03/2023,license_start
28/03/2024,license_end
TXV1,plate
MJ64,vrm
OAE,vrm
Ford,make
Tourneo,make
Tourneo,model
24/04/2023,license_start
03/04/2024,license_end
TXV28,plate
SF15,vrm
EJZ,vrm
Peugeot,make
Horizon,model
06/04/2023,license_start
05/04/2024,license_end
TXV67,plate
YY10,vrm
VUT,vrm
Volkswagen,make
Caddy,model
12/04/2023,license_start
11/04/2024,license_end
TXV30,plate
OO53,vrm
ZEE,vrm
Volkswagen,make
Caddy,model
13/04/2023,license_start
12/04/2024,license_end
TXV,plate
5,plate
SF65,vrm
LGK,vrm
Volkswagen,make
Caddy,model
28/04/2023,license_start
27/04/2024,license_end
TXV66,plate
SF65,vrm
CWV,vrm
Peugeot,make
E7,model
18/05/2023,license_start
17/05/2024,license_end
TX,model
Vista,model
Comfort,model
TXV58,plate
LL68,vrm
RUU,vrm
LEVC,make
24/05/2023,license_start
23/05/2024,license_end
Plus,model
TXV44,plate
DK10,vrm
BTO,vrm
Volkswagen,make
Caddy,model
01/06/2023,license_start
31/05/2024,license_end
TXV68,plate
SF13,vrm
GDE,vrm
Peugeot,make
Horizon,model
15/06/2023,license_start
14/06/2024,license_end
TXV39,plate
NK16,vrm
DPN,vrm
Volkswagen,make
Caddy,model
22/06/2023,license_start
21/06/2024,license_end
TXV,plate
8,plate
S41,vrm
EED,vrm
Mercedes-Benz,make
Vito,model
01/07/2023,license_start
30/06/2024,license_end
TXV12,plate
AV17,vrm
THN,vrm
Volkswagen,make
Caddy,model
04/07/2023,license_start
03/07/2024,license_end
TXV59,plate
NK58,vrm
GHX,vrm
Volkswagen,make
Caddy,model
11/07/2023,license_start
10/07/2024,license_end
TXV21,plate
SF66,vrm
GUG,vrm
Peugeot,make
Horizon,model
12/07/2023,license_start
11/07/2024,license_end
TXV27,plate
KX07,vrm
MWZ,vrm
Mercedes-Benz,make
Vito,model
12/07/2023,license_start
11/07/2024,license_end
TXV11,plate
YY05,vrm
KUC,vrm
Fiat,make
Doblo,model
21/07/2023,license_start
20/07/2024,license_end
TXV41,plate
SF12,vrm
LMY,vrm
Peugeot,make
Premier,model
24/07/2023,license_start
23/07/2024,license_end
TXV62,plate
SF66,vrm
SBO,vrm
Volkswagen,make
Caddy,model
04/08/2023,license_start
01/08/2024,license_end
TXV70,plate
JE03,vrm
ZEE,vrm
Volkswagen,make
Caddy,model
02/08/2023,license_start
01/08/2024,license_end
TXV,plate
7,plate
SF62,vrm
KPJ,vrm
Peugeot,make
Horizon,model
05/08/2023,license_start
04/08/2024,license_end
TXV37,plate
LD13,vrm
AUH,vrm
Mercedes,make
Vito,model
09/08/2023,license_start
08/08/2024,license_end
TXV6,plate
OX51,vrm
RAM,vrm
Mercedes-Benz,make
Vito,model
10/08/2023,license_start
09/08/2024,license_end
TXV20,plate
LN59,vrm
UNG,vrm
Mercedes-Benz,make
Vito,model
07/08/2023,license_start
10/08/2024,license_end
TXV23,plate
SA57,vrm
GKV,vrm
Peugeot,make
Partner,model
18/08/2023,license_start
17/08/2024,license_end
TXV17,plate
WG56,vrm
GKO,vrm
Volkswagen,make
Caddy,model
25/08/2023,license_start
24/08/2024,license_end
TXV16,plate
SF14,vrm
BHJ,vrm
Peugeot,make
Horizon,model
01/09/2023,license_start
31/08/2024,license_end
TXV10,plate
SF62,vrm
AHA,vrm
Peugeot,make
Horizon,model
03/09/2023,license_start
02/09/2024,license_end
TXV9,plate
SF60,vrm
LDL,vrm
Peugeot,make
Partner,model
12/09/2023,license_start
11/09/2024,license_end
TXV13,plate
YX68,vrm
SUH,vrm
Volkswagen,make
Caddy,model
28/09/2023,license_start
27/09/2024,license_end
TXV65,plate
SN11,vrm
EWF,vrm
Citroen,make
Dispatch,model
06/10/2023,license_start
05/10/2024,license_end
TXV45,plate
SK11,vrm
ZSX,vrm
Volkswagen,make
Caddy,model
09/10/2023,license_start
08/10/2024,license_end
TXV32,plate
SF66,vrm
EYK,vrm
Peugeot,make
Partner,model
13/10/2023,license_start
12/10/2024,license_end
TXV31,plate
SF15,vrm
FOM,vrm
Peugeot,make
Premier,model
RX,model
16/10/2023,license_start
15/10/2024,license_end
TX,model
Vista,model
Comfort,model
TXV29,plate
LS70,vrm
GKE,vrm
Levc,make
18/10/2023,license_start
17/10/2024,license_end
Plus,model
TXV4,plate
SF12,vrm
LXN,vrm
Peugeot,make
Partner,model
21/10/2023,license_start
20/10/2024,license_end
TXV14,plate
SF61,vrm
KKD,vrm
Peugeot,make
Horizon,model
23/10/2023,license_start
22/10/2024,license_end
TXV33,plate
SH03,vrm
WON,vrm
Mercedes,make
Vito,model
27/10/2023,license_start
26/10/2024,license_end
TXV43,plate
NK17,vrm
CKE,vrm
Citroen,make
Berlingo,model
27/10/2023,license_start
26/10/2024,license_end
TXV22,plate
DK08,vrm
CVA,vrm
Volkswagen,make
Caddy,model
04/11/2023,license_start
03/11/2024,license_end
TXV46,plate
SF12,vrm
FYA,vrm
Peugeot,make
Partner,make
Horizon,model
07/11/2023,license_start
06/11/2024,license_end
TXV54,plate
SF66,vrm
EWA,vrm
Peugeot,make
Partner,model
15/11/2023,license_start
14/11/2024,license_end
TXV61,plate
SD63,vrm
EJO,vrm
Peugeot,make
Horizon,model
16/11/2023,license_start
15/11/2024,license_end
TXV19,plate
NK13,vrm
FND,vrm
Citroen,make
Berlingo,model
17/11/2023,license_start
16/11/2024,license_end
TXV15,plate
SF15,vrm
HTT,vrm
Peugeot,make
Eurotaxi,model
22/11/2023,license_start
21/11/2024,license_end
TXV63,plate
SD63,vrm
DGX,vrm
Peugeot,make
Horizon,model
23/11/2023,license_start
22/11/2024,license_end
TXV42,plate
XX53,vrm
ZEE,vrm
Volkswagen,make
Caddy,model
01/12/2023,license_start
30/11/2024,license_end
TXV3,plate
YN09,vrm
CJE,vrm
Volkswagen,make
Caddy,model
08/12/2023,license_start
07/12/2024,license_end
TXV57,plate
GJ69,vrm
VMA,vrm
VW,make
Transporter,model
11/12/2023,license_start
10/12/2024,license_end
TXV53,plate
LD09,vrm
BLF,vrm
Mercedes-Benz,make
Vito,model
12/12/2023,license_start
11/12/2024,license_end
TXV56,plate
SF10,vrm
BDV,vrm
Peugeot,make
Partner,model
19/12/2023,license_start
18/12/2024,license_end
TXV51,plate
KD15,vrm
PHO,vrm
London,make
Taxi,make
TX4,model
20/12/2023,license_start
19/12/2024,license_end
TXV64,plate
LK57,vrm
LJO,vrm
London,make
Taxi,model
21/12/2023,license_start
20/12/2024,license_end
TXV40,plate
LD09,vrm
YLR,vrm
Mercedes,make
Vito,model
22/12/2023,license_start
21/12/2024,license_end
TXV2,plate
B166,vrm
RAM,vrm
Mercedes-Benz,make
Vito,model
29/12/2023,license_start
28/12/2024,license_end
TXV47,plate
SF15,vrm
DWX,vrm
Peugeot,make
Horizon,model
29/12/2023,license_start
28/12/2024,license_end
TXV60,plate
NK60,vrm
CWV,vrm
Volkswagen,make
Caddy,model
18/01/2024,license_start
17/01/2025,license_end
TXV,plate
5,plate
DP69,vrm
EMF,vrm
Volkswagen,make
Caddy,model
05/02/2024,license_start
04/02/2025,license_end
TXV34,plate
YN59,vrm
CPY,vrm
Volkswagen,make
Caddy,model
07/02/2024,license_start
06/02/2025,license_end
TXV49,plate
SF12,vrm
ATV,vrm
Peugeot,make
Horizon,model
10/02/2024,license_start
09/02/2025,license_end
