,value,text
0,plate,PHV3429
1,vrm,SF64FVE
2,make,Peugeot
3,model,Independence
4,license_start,20/02/2023
5,license_end,19/02/2024
6,plate,PHV3420
7,vrm,VU15JJL
8,make,Vauxhall
9,model,Insignia
10,license_start,21/02/2023
11,license_end,20/02/2024
12,plate,PHV3541
13,vrm,FM67FMZ
14,make,Toyota
15,model,Auris
16,license_start,21/02/2023
17,license_end,20/02/2024
18,plate,PHV3722
19,vrm,BX17LWK
20,make,Skoda
21,model,Fabia
22,license_start,21/02/2023
23,license_end,20/02/2024
24,plate,PHV3720
25,vrm,BX17LWJ
26,make,Skoda
27,model,Fabia
28,license_start,22/02/2023
29,license_end,21/02/2024
30,plate,PHV2904
31,vrm,LP15DWF
32,make,Peugeot
33,model,Expert
34,license_start,23/02/2023
35,license_end,22/02/2024
36,plate,PHV2625
37,vrm,KW66CTK
38,make,Toyota
39,model,Prius
40,license_start,24/02/2023
41,license_end,23/02/2024
42,plate,PHV3431
43,vrm,FD16XBC
44,make,Vauxhall
45,model,Astra
46,license_start,25/02/2023
47,license_end,24/02/2024
48,plate,PHV3726
49,vrm,GN17RLU
50,make,Peugeot5008
51,license_start,25/02/2023
52,license_end,24/02/2024
53,plate,PHV3432
54,vrm,WM64LRV
55,make,Toyota
56,model,Verso
57,license_start,27/02/2023
58,license_end,26/02/2024
59,plate,PHV3298
60,vrm,YS16CWZ
61,make,Toyota
62,model,Auris
63,license_start,01/03/2023
64,license_end,28/02/2024
65,plate,PHV3428
66,vrm,FJ14ZZH
67,make,Vauxhall
68,model,Insignia
69,license_start,01/03/2023
70,license_end,29/02/2024
71,plate,PHV3115
72,vrm,LT14EYY
73,make,Skoda
74,model,Superb
75,license_start,02/03/2023
76,license_end,01/03/2024
77,plate,PHV3719
78,vrm,WJ65BUH
79,make,Peugeot
80,model,Boxer
81,license_start,02/03/2023
82,license_end,01/03/2024
83,plate,PHV3723
84,vrm,FG70ONH
85,make,Toyota
86,model,Corolla
87,license_start,02/03/2023
88,license_end,01/03/2024
89,plate,PHV3874
90,vrm,HK67LJC
91,make,Skoda
92,model,Superb
93,license_start,02/03/2023
94,license_end,01/03/2024
95,plate,PHV3875
96,vrm,DF67UGE
97,make,Skoda
98,model,Octavia
99,license_start,02/03/2023
100,license_end,01/03/2024
101,plate,PHV3438
102,vrm,EF14RPV
103,make,Toyota
104,model,Prius
105,license_start,03/03/2023
106,license_end,02/03/2024
107,plate,PHV3706
108,vrm,AF64BUH
109,make,Vauxhall
110,model,Insignia
111,license_start,03/03/2023
112,license_end,02/03/2024
113,plate,PHV3725
114,vrm,RK19XBO
115,make,Hyundai
116,model,Ioniq
117,license_start,03/03/2023
118,license_end,02/03/2024
119,plate,PHV3433
120,vrm,MD15VPT
121,make,Volkswagen
122,model,Sharan
123,license_start,04/03/2023
124,license_end,03/03/2024
125,plate,PHV2930
126,vrm,GN64NWX
127,make,Skoda
128,model,Superb
129,license_start,06/03/2023
130,license_end,05/03/2024
131,plate,PHV3201
132,vrm,R13PON
133,make,Volkswagen
134,model,Sharan
135,license_start,06/03/2023
136,license_end,05/03/2024
137,plate,PHV3709
138,vrm,SF15RNL
139,make,Skoda
140,model,Superb
141,license_start,06/03/2023
142,license_end,05/03/2024
143,plate,PHV3214
144,vrm,SH60KAT
145,make,Volkswagen
146,model,Touran
147,license_start,07/03/2023
148,license_end,06/03/2024
149,plate,PHV3711
150,vrm,GN66YWN
151,make,Skoda
152,model,Superb
153,license_start,07/03/2023
154,license_end,06/03/2024
155,plate,PHV3435
156,vrm,AL63YAH
157,make,Volkswagen
158,model,Touran
159,license_start,08/03/2023
160,license_end,07/03/2024
161,plate,PHV3427
162,vrm,HN14WKJ
163,make,Skoda
164,model,Octavia
165,license_start,09/03/2023
166,license_end,08/03/2024
167,plate,PHV3724
168,vrm,HG15CVY
169,make,Volkswagen
170,model,Sharan
171,license_start,09/03/2023
172,license_end,08/03/2024
173,plate,PHV3728
174,vrm,KV22BKA
175,make,Toyota
176,model,Corolla
177,license_start,09/03/2023
178,license_end,08/03/2024
179,plate,PHV3876
180,vrm,BV14VHD
181,make,Ford
182,model,Galaxy
183,license_start,10/03/2023
184,license_end,09/03/2024
185,plate,PHV3204
186,vrm,GJ14KFU
187,make,Volkswagen
188,model,Touran
189,license_start,11/03/2023
190,license_end,10/03/2024
191,plate,PHV3205
192,vrm,DS15XVX
193,make,Vauxhall
194,model,Vivaro
195,license_start,14/03/2023
196,license_end,13/03/2024
197,plate,PHV2702
198,vrm,VU14KKL
199,make,Volkswagen
200,model,Passat
201,license_start,15/03/2023
202,license_end,14/03/2024
203,plate,PHV3389
204,vrm,KW63GXZ
205,make,Volkswagen
206,model,Touran
207,license_start,15/03/2023
208,license_end,14/03/2024
209,plate,PHV3877
210,vrm,YP67YBH
211,make,Toyota
212,model,Prius
213,license_start,15/03/2023
214,license_end,14/03/2024
215,plate,PHV3878
216,vrm,DN67OSK
217,make,Toyota
218,model,Prius
219,license_start,15/03/2023
220,license_end,14/03/2024
221,plate,PHV3879
222,vrm,CU68JAO
223,make,Ford
224,model,Mondeo
225,license_start,20/03/2023
226,license_end,19/03/2024
227,plate,PHV3165
228,vrm,KN15HUY
229,make,Seat
230,model,Alhambra
231,license_start,22/03/2023
232,license_end,21/03/2024
233,plate,PHV3199
234,vrm,CN64KWW
235,make,Peugeot
236,model,Expert
237,license_start,22/03/2023
238,license_end,21/03/2024
239,plate,PHV3548
240,vrm,KS15VSG
241,make,Seat
242,model,Alhambra
243,license_start,22/03/2023
244,license_end,21/03/2024
245,plate,PHV3732
246,vrm,LK67ZDF
247,make,Peugeot508
248,license_start,22/03/2023
249,license_end,21/03/2024
250,plate,PHV3717
251,vrm,SA64AUY
252,make,Seat
253,model,Toledo
254,license_start,23/03/2023
255,license_end,22/03/2024
256,plate,PHV3733
257,vrm,KX16SKZ
258,make,Toyota
259,model,Auris
260,license_start,23/03/2023
261,license_end,22/03/2024
262,plate,PHV3880
263,vrm,BN18FMG
264,make,Skoda
265,model,Superb
266,license_start,23/03/2023
267,license_end,22/03/2024
268,plate,PHV3558
269,vrm,HN68JGV
270,make,Toyota
271,model,Auris
272,license_start,25/03/2023
273,license_end,24/03/2024
274,plate,PHV3177
275,vrm,OY64CKV
276,make,Skoda
277,model,Octavia
278,license_start,27/03/2023
279,license_end,26/03/2024
280,plate,PHV3212
281,vrm,RF64BOU
282,make,Kia
283,model,Ceed
284,license_start,29/03/2023
285,license_end,28/03/2024
286,plate,PHV3889
287,vrm,NA69KNU
288,make,Toyota
289,model,Corolla
290,license_start,29/03/2023
291,license_end,28/03/2024
292,plate,PHV3442
293,vrm,ND66OOF
294,make,Skoda
295,model,Octavia
296,license_start,30/03/2023
297,license_end,29/03/2024
298,plate,PHV3562
299,vrm,KX19PFN
300,make,Mercedes-Benz
301,model,Vito
302,license_start,30/03/2023
303,license_end,29/03/2024
304,plate,PHV3749
305,vrm,NV06NAV
306,make,Toyota
307,model,Corolla
308,license_start,30/03/2023
309,license_end,29/03/2024
310,plate,PHV3888
311,vrm,HW19PUX
312,make,Toyota
313,model,C-HR
314,license_start,31/03/2023
315,license_end,30/03/2024
316,plate,PHV3890
317,vrm,KY22TDU
318,make,Toyota
319,model,Corolla
320,license_start,31/03/2023
321,license_end,30/03/2024
322,plate,PHV3210
323,vrm,GD14YLL
324,make,Volkswagen
325,model,Passat
326,license_start,01/04/2023
327,license_end,31/03/2024
328,plate,PHV2454
329,vrm,LR16PCU
330,make,Peugeot
331,model,Expert
332,license_start,04/04/2023
333,license_end,03/04/2024
334,plate,PHV3734
335,vrm,DP17GKD
336,make,Skoda
337,model,Octavia
338,license_start,04/04/2023
339,license_end,03/04/2024
340,plate,PHV3555
341,vrm,SF65EWW
342,make,Peugeot
343,model,Boxer
344,license_start,06/04/2023
345,license_end,05/04/2024
346,plate,PHV3564
347,vrm,WP67YCL
348,make,Toyota
349,model,Prius
350,license_start,09/04/2023
351,license_end,08/04/2024
352,plate,PHV3430
353,vrm,SF13FVE
354,make,Peugeot
355,model,Independence
356,license_start,12/04/2023
357,license_end,11/04/2024
358,plate,PHV3739
359,vrm,YS16NSN
360,make,Toyota
361,model,Prius
362,license_start,13/04/2023
363,license_end,12/04/2024
364,plate,PHV3740
365,vrm,FJ17KJN
366,make,Skoda
367,model,Superb
368,license_start,13/04/2023
369,license_end,12/04/2024
370,plate,PHV3741
371,vrm,KP22MDY
372,make,Toyota
373,model,Prius
374,license_start,13/04/2023
375,license_end,12/04/2024
376,plate,PHV3557
377,vrm,GL64NFY
378,make,Volkswagen
379,model,Passat
380,license_start,14/04/2023
381,license_end,13/04/2024
382,plate,PHV3893
383,vrm,HF68XYY
384,make,Toyota
385,model,Auris
386,license_start,14/04/2023
387,license_end,13/04/2024
388,plate,PHV3894
389,vrm,BH17LFW
390,make,Toyota
391,model,Prius
392,license_start,14/04/2023
393,license_end,13/04/2024
394,plate,PHV3571
395,vrm,KE66UNS
396,make,Seat
397,model,Alhambra
398,license_start,15/04/2023
399,license_end,14/04/2024
400,plate,PHV3218
401,vrm,AK64VVF
402,make,Skoda
403,model,Octavia
404,license_start,18/04/2023
405,license_end,17/04/2024
406,plate,PHV3891
407,vrm,FV68FAK
408,make,Toyota
409,model,Prius
410,license_start,18/04/2023
411,license_end,17/04/2024
412,plate,PHV3743
413,vrm,WJ65BLZ
414,make,Peugeot
415,model,Boxer
416,license_start,19/04/2023
417,license_end,18/04/2024
418,plate,PHV3552
419,vrm,YE17ZWM
420,make,Skoda
421,model,Octavia
422,license_start,21/04/2023
423,license_end,20/04/2024
424,plate,PHV3572
425,vrm,NA66GXY
426,make,Skoda
427,model,Octavia
428,license_start,23/04/2023
429,license_end,22/04/2024
430,plate,PHV3417
431,vrm,KV18WFS
432,make,Mercedes-Benz
433,model,Vito
434,license_start,24/04/2023
435,license_end,23/04/2024
436,plate,PHV3566
437,vrm,LS14OYM
438,make,Volkswagen
439,model,Sharan
440,license_start,25/04/2023
441,license_end,24/04/2024
442,plate,PHV3895
443,vrm,AR05ACE
444,make,Toyota
445,model,Prius
446,license_start,25/04/2023
447,license_end,24/04/2024
448,plate,PHV3551
449,vrm,SJ17FPU
450,make,Mercedes-Benz
451,model,Vito
452,license_start,27/04/2023
453,license_end,26/04/2024
454,plate,PHV3896
455,vrm,DV66FDN
456,make,Vauxhall
457,model,Insignia
458,license_start,28/04/2023
459,license_end,27/04/2024
460,plate,PHV3169
461,vrm,LR16UYJ
462,make,Vauxhall
463,model,Vivaro
464,license_start,02/05/2023
465,license_end,01/05/2024
466,plate,PHV3745
467,vrm,FJ65OMC
468,make,Toyota
469,model,Prius
470,license_start,02/05/2023
471,license_end,01/05/2024
472,plate,PHV3873
473,vrm,MH16ZKU
474,make,Skoda
475,model,Superb
476,license_start,02/05/2023
477,license_end,01/05/2024
478,plate,PHV3573
479,vrm,FM18UJY
480,make,Toyota
481,model,Auris
482,license_start,03/05/2023
483,license_end,02/05/2024
484,plate,PHV3750
485,vrm,N26LEM
486,make,Mercedes-Benz
487,model,E220
488,license_start,03/05/2023
489,license_end,02/05/2024
490,plate,PHV3578
491,vrm,FM67FVV
492,make,Toyota
493,model,Auris
494,license_start,05/05/2023
495,license_end,04/05/2024
496,plate,PHV3579
497,vrm,LS17YWE
498,make,Toyota
499,model,Prius
500,license_start,05/05/2023
501,license_end,04/05/2024
502,plate,PHV3742
503,vrm,LC14HDA
504,make,Honda
505,model,Accord
506,license_start,05/05/2023
507,license_end,04/05/2024
508,plate,PHV3746
509,vrm,DV63CRU
510,make,Volkswagen
511,model,Passat
512,license_start,06/05/2023
513,license_end,05/05/2024
514,plate,PHV3575
515,vrm,WR18FBZ
516,make,Toyota
517,model,Prius
518,license_start,07/05/2023
519,license_end,06/05/2024
520,plate,PHV3567
521,vrm,KV66YWL
522,make,Mercedes-Benz
523,model,E220
524,license_start,09/05/2023
525,license_end,08/05/2024
526,plate,PHV3187
527,vrm,AY15ZXL
528,make,Ford
529,model,Tourneo
530,license_start,10/05/2023
531,license_end,09/05/2024
532,plate,PHV2946
533,vrm,LT13EWM
534,make,Volkswagen
535,model,Passat
536,license_start,11/05/2023
537,license_end,10/05/2024
538,plate,PHV3707
539,vrm,FL65WXH
540,make,Seat
541,model,Leon
542,license_start,11/05/2023
543,license_end,10/05/2024
544,plate,PHV3751
545,vrm,EF63YDG
546,make,Volkswagen
547,model,Passat
548,license_start,11/05/2023
549,license_end,10/05/2024
550,plate,PHV3209
551,vrm,YD64YFW
552,make,Renault
553,model,Trafic
554,license_start,12/05/2023
555,license_end,11/05/2024
556,plate,PHV3580
557,vrm,SJ18KMV
558,make,Toyota
559,model,Prius
560,license_start,12/05/2023
561,license_end,11/05/2024
562,plate,PHV3581
563,vrm,AK67LBF
564,make,Skoda
565,model,Octavia
566,license_start,12/05/2023
567,license_end,11/05/2024
568,plate,PHV3898
569,vrm,DA71WNC
570,make,Ford
571,model,Mondeo
572,license_start,12/05/2023
573,license_end,11/05/2024
574,plate,PHV3736
575,vrm,DV66YDM
576,make,Vauxhall
577,model,Insignia
578,license_start,16/05/2023
579,license_end,15/05/2024
580,plate,PHV3753
581,vrm,GY17VFP
582,make,Mercedes-Benz
583,model,C350
584,license_start,16/05/2023
585,license_end,15/05/2024
586,plate,PHV3757
587,vrm,KN22VGC
588,make,Toyota
589,model,Corolla
590,license_start,16/05/2023
591,license_end,15/05/2024
592,plate,PHV3900
593,vrm,YP63OCH
594,make,Volkswagen
595,model,Touran
596,license_start,16/05/2023
597,license_end,15/05/2024
598,plate,PHV3585
599,vrm,RK67UVV
600,make,Toyota
601,model,Auris
602,license_start,17/05/2023
603,license_end,16/05/2024
604,plate,PHV2981
605,vrm,MF65OJU
606,make,Mercedes-Benz
607,model,E220
608,license_start,18/05/2023
609,license_end,17/05/2024
610,plate,PHV3754
611,vrm,M900ABU
612,make,Toyota
613,model,Prius
614,license_start,18/05/2023
615,license_end,17/05/2024
616,plate,PHV3591
617,vrm,DA67HKG
618,make,Toyota
619,model,Prius
620,license_start,19/05/2023
621,license_end,18/05/2024
622,plate,PHV3761
623,vrm,OV67HDO
624,make,BMW
625,model,320D
626,license_start,19/05/2023
627,license_end,18/05/2024
628,plate,PHV3747
629,vrm,WM15FSK
630,make,Volkswagen
631,model,Passat
632,license_start,21/05/2023
633,license_end,20/05/2024
634,plate,PHV3760
635,vrm,BK17NHA
636,make,Renault
637,model,Trafic
638,license_start,23/05/2023
639,license_end,22/05/2024
640,plate,PHV3766
641,vrm,YN68ZPS
642,make,Toyota
643,model,Prius
644,license_start,23/05/2023
645,license_end,22/05/2024
646,plate,PHV3589
647,vrm,VX68RNF
648,make,BMW
649,model,216DSport
650,license_start,24/05/2023
651,license_end,23/05/2024
652,plate,PHV3897
653,vrm,S10LWE
654,make,Mercedes-Benz
655,model,E220D
656,license_start,24/05/2023
657,license_end,23/05/2024
658,plate,PHV3587
659,vrm,FM67FNX
660,make,Toyota
661,model,Auris
662,license_start,25/05/2023
663,license_end,24/05/2024
664,plate,PHV3590
665,vrm,RE19ORK
666,make,Toyota
667,model,Prius
668,license_start,25/05/2023
669,license_end,24/05/2024
670,plate,PHV3744
671,vrm,KS71AUM
672,make,Kia
673,model,Niro
674,license_start,25/05/2023
675,license_end,24/05/2024
676,plate,PHV3899
677,vrm,LC21VWB
678,make,Toyota
679,model,Corolla
680,license_start,25/05/2023
681,license_end,24/05/2024
682,plate,PHV3902
683,vrm,HF15YGA
684,make,Ford
685,model,Galaxy
686,license_start,25/05/2023
687,license_end,24/05/2024
688,plate,PHV2468
689,vrm,RK62VVU
690,make,Toyota
691,model,Prius
692,license_start,27/05/2023
693,license_end,25/05/2024
694,plate,PHV3586
695,vrm,FL17VGC
696,make,Toyota
697,model,Auris
698,license_start,26/05/2023
699,license_end,25/05/2024
700,plate,PHV2767
701,vrm,PJ13FUA
702,make,Volkswagen
703,model,Touran
704,license_start,27/05/2023
705,license_end,26/05/2024
706,plate,PHV3762
707,vrm,KR16ZYY
708,make,Audi
709,model,A4
710,license_start,27/05/2023
711,license_end,26/05/2024
712,plate,PHV3588
713,vrm,EY68HZL
714,make,Mercedes-Benz
715,model,Vito
716,license_start,28/05/2023
717,license_end,27/05/2024
718,plate,PHV3758
719,vrm,YW14BPY
720,make,Citroen
721,model,C4Picasso
722,license_start,30/05/2023
723,license_end,29/05/2024
724,plate,PHV3770
725,vrm,GM14ONH
726,make,Skoda
727,model,Superb
728,license_start,30/05/2023
729,license_end,29/05/2024
730,plate,PHV3406
731,vrm,LO69SHJ
732,make,Hyundai
733,model,Ioniq
734,license_start,31/05/2023
735,license_end,30/05/2024
736,plate,PHV3565
737,vrm,OU64EBX
738,make,Skoda
739,model,Superb
740,license_start,31/05/2023
741,license_end,30/05/2024
742,plate,PHV3763
743,vrm,JO08BUR
744,make,Mercedes-Benz
745,model,E200
746,license_start,31/05/2023
747,license_end,30/05/2024
748,plate,PHV3903
749,vrm,BV67SUF
750,make,Seat
751,model,Alhambra
752,license_start,31/05/2023
753,license_end,30/05/2024
754,plate,PHV3768
755,vrm,NG63EOV
756,make,Volkswagen
757,model,Passat
758,license_start,01/06/2023
759,license_end,31/05/2024
760,plate,PHV3772
761,vrm,KX63TKT
762,make,Volkswagen
763,model,Passat
764,license_start,01/06/2023
765,license_end,31/05/2024
766,plate,PHV3904
767,vrm,FM65CAE
768,make,Vauxhall
769,model,Vivaro
770,license_start,01/06/2023
771,license_end,31/05/2024
772,plate,PHV3906
773,vrm,MO12SAN
774,make,Skoda
775,model,Superb
776,license_start,01/06/2023
777,license_end,31/05/2024
778,plate,PHV3767
779,vrm,EY17RCF
780,make,Volkswagen
781,model,Sharan
782,license_start,02/06/2023
783,license_end,01/06/2024
784,plate,PHV3769
785,vrm,SC13OKR
786,make,Skoda
787,model,Superb
788,license_start,02/06/2023
789,license_end,01/06/2024
790,plate,PHV3755
791,vrm,AS11KOR
792,make,Volkswagen
793,model,Touran
794,license_start,05/06/2023
795,license_end,04/06/2024
796,plate,PHV2374
797,vrm,ND63OTJ
798,make,Skoda
799,model,Octavia
800,license_start,06/06/2023
801,license_end,05/06/2024
802,plate,PHV3908
803,vrm,GM64AHG
804,make,Volkswagen
805,model,Sharan
806,license_start,06/06/2023
807,license_end,05/06/2024
808,plate,PHV2732
809,vrm,AV64HZJ
810,make,Mercedes-Benz
811,model,Vito113
812,license_start,09/06/2023
813,license_end,08/06/2024
814,plate,PHV3599
815,vrm,FM18UYN
816,make,Toyota
817,model,Auris
818,license_start,09/06/2023
819,license_end,08/06/2024
820,plate,PHV3910
821,vrm,EO69TZX
822,make,Toyota
823,model,Prius
824,license_start,09/06/2023
825,license_end,08/06/2024
826,plate,PHV3909
827,vrm,DM19ZZO
828,make,Ford
829,model,Mondeo
830,license_start,12/06/2023
831,license_end,11/06/2024
832,plate,PHV3911
833,vrm,KJ17KAT
834,make,Hyundai
835,model,Ioniq
836,license_start,13/06/2023
837,license_end,12/06/2024
838,plate,PHV3914
839,vrm,AJ16HVF
840,make,BMW
841,model,320D
842,license_start,13/06/2023
843,license_end,12/06/2024
844,plate,PHV3597
845,vrm,NX67XML
846,make,Toyota
847,model,Prius
848,license_start,14/06/2023
849,license_end,13/06/2024
850,plate,PHV3912
851,vrm,RG12AJA
852,make,Seat
853,model,Alhambra
854,license_start,14/06/2023
855,license_end,13/06/2024
856,plate,PHV3913
857,vrm,OW17WBK
858,make,Skoda
859,model,Octavia
860,license_start,14/06/2023
861,license_end,13/06/2024
862,plate,PHV3421
863,vrm,YJ14HPN
864,make,Vauxhall
865,model,Vivaro
866,license_start,15/06/2023
867,license_end,14/06/2024
868,plate,PHV3780
869,vrm,GJ15VLS
870,make,Volkswagen
871,model,Sharan
872,license_start,15/06/2023
873,license_end,14/06/2024
874,plate,PHV3916
875,vrm,YM72OSA
876,make,Ford
877,model,Galaxy
878,license_start,16/06/2023
879,license_end,15/06/2024
880,plate,PHV3918
881,vrm,WM18XPT
882,make,Volkswagen
883,model,Passat
884,license_start,16/06/2023
885,license_end,15/06/2024
886,plate,PHV3779
887,vrm,DE68XTO
888,make,Toyota
889,model,Auris
890,license_start,17/06/2023
891,license_end,16/06/2024
892,plate,PHV3783
893,vrm,LG68UOS
894,make,Toyota
895,model,Prius
896,license_start,17/06/2023
897,license_end,16/06/2024
898,plate,PHV3602
899,vrm,FG17KCU
900,make,Toyota
901,model,Prius
902,license_start,18/06/2023
903,license_end,17/06/2024
904,plate,PHV3781
905,vrm,FN66UDL
906,make,Toyota
907,model,Prius
908,license_start,21/06/2023
909,license_end,20/06/2024
910,plate,PHV3786
911,vrm,SK60KTH
912,make,Audi
913,model,A6
914,license_start,21/06/2023
915,license_end,20/06/2024
916,plate,PHV3231
917,vrm,YC13LLU
918,make,Vauxhall
919,model,Vivaro
920,license_start,22/06/2023
921,license_end,21/06/2024
922,plate,PHV3594
923,vrm,MH19MUW
924,make,Toyota
925,model,Prius
926,license_start,22/06/2023
927,license_end,21/06/2024
928,plate,PHV3605
929,vrm,FN18NHY
930,make,Toyota
931,model,Auris
932,license_start,22/06/2023
933,license_end,21/06/2024
934,plate,PHV3915
935,vrm,RO17FNS
936,make,BMW
937,model,530I
938,license_start,22/06/2023
939,license_end,21/06/2024
940,plate,PHV3765
941,vrm,KN68LJA
942,make,Toyota
943,model,Prius
944,license_start,23/06/2023
945,license_end,22/06/2024
946,plate,PHV3601
947,vrm,AV64LMJ
948,make,Vauxhall
949,model,Zafira
950,license_start,24/06/2023
951,license_end,23/06/2024
952,plate,PHV3603
953,vrm,MK65FKA
954,make,Vauxhall
955,model,Insignia
956,license_start,26/06/2023
957,license_end,25/06/2024
958,plate,PHV3917
959,vrm,VE19JSU
960,make,Vauxhall
961,model,Vivaro
962,license_start,26/06/2023
963,license_end,25/06/2024
964,plate,PHV2861
965,vrm,LC13ZTZ
966,make,Volkswagen
967,model,Sharan
968,license_start,28/06/2023
969,license_end,27/06/2024
970,plate,PHV3078
971,vrm,WP13WJM
972,make,Vauxhall
973,model,Vivaro
974,license_start,28/06/2023
975,license_end,27/06/2024
976,plate,PHV3615
977,vrm,FY64GUG
978,make,Volkswagen
979,model,Passat
980,license_start,28/06/2023
981,license_end,27/06/2024
982,plate,PHV3785
983,vrm,ND17ANV
984,make,Toyota
985,model,Prius
986,license_start,28/06/2023
987,license_end,27/06/2024
988,plate,PHV3920
989,vrm,RA19ONP
990,make,Hyundai
991,model,Ioniq
992,license_start,28/06/2023
993,license_end,27/06/2024
994,plate,PHV3609
995,vrm,YF66ACJ
996,make,Mercedes-Benz
997,model,S350D
998,license_start,29/06/2023
999,license_end,28/06/2024
1000,plate,PHV3771
1001,vrm,SL63BVZ
1002,make,Volkswagen
1003,model,Passat
1004,license_start,30/05/2023
1005,license_end,29/06/2024
1006,plate,PHV3775
1007,vrm,BN15KCU
1008,make,Vauxhall
1009,model,Insignia
1010,license_start,30/06/2023
1011,license_end,29/06/2024
1012,plate,PHV3620
1013,vrm,RV17TVK
1014,make,Toyota
1015,model,Prius
1016,license_start,01/07/2023
1017,license_end,30/06/2024
1018,plate,PHV3788
1019,vrm,FN18UTL
1020,make,Vauxhall
1021,model,Insignia
1022,license_start,03/07/2023
1023,license_end,02/07/2024
1024,plate,PHV3445
1025,vrm,VA14XDT
1026,make,Volkswagen
1027,model,Passat
1028,license_start,04/07/2023
1029,license_end,03/07/2024
1030,plate,PHV3610
1031,vrm,SG17TFT
1032,make,Skoda
1033,model,Rapid
1034,license_start,04/07/2023
1035,license_end,03/07/2024
1036,plate,PHV3612
1037,vrm,MK18RZF
1038,make,Toyota
1039,model,Prius
1040,license_start,04/07/2023
1041,license_end,03/07/2024
1042,plate,PHV3614
1043,vrm,GD15VLA
1044,make,Skoda
1045,model,Octavia
1046,license_start,04/07/2023
1047,license_end,03/07/2024
1048,plate,PHV3443
1049,vrm,RX65SSK
1050,make,Toyota
1051,model,Prius
1052,license_start,05/07/2023
1053,license_end,04/07/2024
1054,plate,PHV3451
1055,vrm,GX19YSU
1056,make,Toyota
1057,model,Prius
1058,license_start,06/07/2023
1059,license_end,05/07/2024
1060,plate,PHV3787
1061,vrm,AN12JAT
1062,make,Toyota
1063,model,Corolla
1064,license_start,06/07/2023
1065,license_end,05/07/2024
1066,plate,PHV3790
1067,vrm,EO69VYP
1068,make,Toyota
1069,model,Corolla
1070,license_start,10/07/2023
1071,license_end,09/07/2024
1072,plate,PHV3132
1073,vrm,KO13WTP
1074,make,Skoda
1075,model,Superb
1076,license_start,11/07/2023
1077,license_end,10/07/2024
1078,plate,PHV3234
1079,vrm,OV64UXY
1080,make,Skoda
1081,model,Superb
1082,license_start,11/07/2023
1083,license_end,10/07/2024
1084,plate,PHV3604
1085,vrm,YB17WBX
1086,make,Volkswagen
1087,model,Passat
1088,license_start,11/07/2023
1089,license_end,10/07/2024
1090,plate,PHV3923
1091,vrm,KX17GRU
1092,make,Toyota
1093,model,Prius
1094,license_start,11/07/2023
1095,license_end,10/07/2024
1096,plate,PHV3131
1097,vrm,DS13BMV
1098,make,Vauxhall
1099,model,Insignia
1100,license_start,12/07/2023
1101,license_end,11/07/2024
1102,plate,PHV3302
1103,vrm,FW13BTO
1104,make,Volkswagen
1105,model,Sharan
1106,license_start,12/07/2023
1107,license_end,11/07/2024
1108,plate,PHV3618
1109,vrm,NL17CWF
1110,make,Toyota
1111,model,Prius
1112,license_start,12/07/2023
1113,license_end,11/07/2024
1114,plate,PHV3782
1115,vrm,BX17LWY
1116,make,Skoda
1117,model,Fabia
1118,license_start,12/07/2023
1119,license_end,11/07/2024
1120,plate,PHV3921
1121,vrm,KD15LCM
1122,make,Ford
1123,model,Galaxy
1124,license_start,12/07/2023
1125,license_end,11/07/2024
1126,plate,PHV3922
1127,vrm,OE19ZYS
1128,make,Skoda
1129,model,Superb
1130,license_start,12/07/2023
1131,license_end,11/07/2024
1132,plate,PHV3925
1133,vrm,BT17WYO
1134,make,Mercedes-Benz
1135,model,S350D
1136,license_start,12/07/2023
1137,license_end,11/07/2024
1138,plate,PHV3457
1139,vrm,YB65RBO
1140,make,Volkswagen
1141,model,Passat
1142,license_start,13/07/2023
1143,license_end,12/07/2024
1144,plate,PHV3789
1145,vrm,DA17WTK
1146,make,Skoda
1147,model,Superb
1148,license_start,14/07/2023
1149,license_end,13/07/2024
1150,plate,PHV3926
1151,vrm,EX68XGT
1152,make,Hyundai
1153,model,Ioniq
1154,license_start,14/07/2023
1155,license_end,13/07/2024
1156,plate,PHV3793
1157,vrm,AU68YOL
1158,make,Hyundai
1159,model,Ioniq
1160,license_start,15/07/2023
1161,license_end,14/07/2024
1162,plate,PHV3464
1163,vrm,KP20HTJ
1164,make,Toyota
1165,model,Corolla
1166,license_start,17/07/2023
1167,license_end,16/07/2024
1168,plate,PHV3607
1169,vrm,WG15YEX
1170,make,Volkswagen
1171,model,Touran
1172,license_start,18/07/2023
1173,license_end,17/07/2024
1174,plate,PHV3776
1175,vrm,KN67ZZF
1176,make,Vauxhall
1177,model,Insignia
1178,license_start,18/07/2023
1179,license_end,17/07/2024
1180,plate,PHV3225
1181,vrm,FY13HGE
1182,make,Volkswagen
1183,model,Passat
1184,license_start,19/07/2023
1185,license_end,18/07/2024
1186,plate,PHV3266
1187,vrm,WA62HHL
1188,make,Renault
1189,model,Master
1190,license_start,20/07/2023
1191,license_end,19/07/2024
1192,plate,PHV3927
1193,vrm,LT18HWZ
1194,make,Toyota
1195,model,Auris
1196,license_start,20/07/2023
1197,license_end,19/07/2024
1198,plate,PHV3046
1199,vrm,GK14TCO
1200,make,Skoda
1201,model,Superb
1202,license_start,21/07/2023
1203,license_end,20/07/2024
1204,plate,PHV3626
1205,vrm,KO21YXV
1206,make,Toyota
1207,model,Corolla
1208,license_start,21/07/2023
1209,license_end,20/07/2024
1210,plate,PHV3622
1211,vrm,DA14KUX
1212,make,Skoda
1213,model,Superb
1214,license_start,22/07/2023
1215,license_end,21/07/2024
1216,plate,PHV3303
1217,vrm,WK13EKE
1218,make,Peugeot
1219,model,Boxer
1220,license_start,24/07/2023
1221,license_end,23/07/2024
1222,plate,PHV3907
1223,vrm,ST15OGZ
1224,make,Volkswagen
1225,model,Transporter
1226,license_start,24/07/2023
1227,license_end,23/07/2024
1228,plate,PHV3595
1229,vrm,SF15HEV
1230,make,Peugeot
1231,model,Expert
1232,license_start,25/07/2023
1233,license_end,24/07/2024
1234,plate,PHV3928
1235,vrm,YD23GFX
1236,make,Kia
1237,model,Niro
1238,license_start,27/07/2023
1239,license_end,26/07/2024
1240,plate,PHV2730
1241,vrm,OE63MXJ
1242,make,Volkswagen
1243,model,Touran
1244,license_start,28/07/2023
1245,license_end,27/07/2024
1246,plate,PHV3241
1247,vrm,WF63BSV
1248,make,Toyota
1249,model,Auris
1250,license_start,28/07/2023
1251,license_end,27/07/2024
1252,plate,PHV3250
1253,vrm,FD14VVX
1254,make,Skoda
1255,model,Superb
1256,license_start,28/07/2023
1257,license_end,27/07/2024
1258,plate,PHV3795
1259,vrm,YO17GPX
1260,make,Ford
1261,model,Focus
1262,license_start,28/07/2023
1263,license_end,27/07/2024
1264,plate,PHV3123
1265,vrm,BL62TZP
1266,make,Toyota
1267,model,Avensis
1268,license_start,30/07/2023
1269,license_end,29/07/2024
1270,plate,PHV2706
1271,vrm,LR63JXY
1272,make,Vauxhall
1273,model,Zafira
1274,license_start,31/07/2023
1275,license_end,30/07/2024
1276,plate,PHV3058
1277,vrm,LD14NLP
1278,make,Skoda
1279,model,Octavia
1280,license_start,31/07/2023
1281,license_end,30/07/2024
1282,plate,PHV3792
1283,vrm,FX66YSR
1284,make,Volkswagen
1285,model,Passat
1286,license_start,31/07/2023
1287,license_end,30/07/2024
1288,plate,PHV3477
1289,vrm,LK16EWC
1290,make,Toyota
1291,model,Prius
1292,license_start,02/08/2023
1293,license_end,31/07/2024
1294,plate,PHV3931
1295,vrm,KS21GYT
1296,make,Kia
1297,model,Niro
1298,license_start,01/08/2023
1299,license_end,31/07/2024
1300,plate,PHV3297
1301,vrm,WR67EXV
1302,make,Skoda
1303,model,Octavia
1304,license_start,02/08/2023
1305,license_end,01/08/2024
1306,plate,PHV3299
1307,vrm,ML16LVJ
1308,make,Skoda
1309,model,Octavia
1310,license_start,03/08/2023
1311,license_end,01/08/2024
1312,plate,PHV3455
1313,vrm,OW67GOC
1314,make,Toyota
1315,model,Prius
1316,license_start,03/08/2023
1317,license_end,02/08/2024
1318,plate,PHV3467
1319,vrm,KX16LCM
1320,make,Mercedes-Benz
1321,model,Vito
1322,license_start,03/08/2023
1323,license_end,02/08/2024
1324,plate,PHV3625
1325,vrm,FM67FTX
1326,make,Toyota
1327,model,Auris
1328,license_start,03/08/2023
1329,license_end,02/08/2024
1330,plate,PHV3797
1331,vrm,AO67XEZ
1332,make,Toyota
1333,model,Auris
1334,license_start,04/08/2023
1335,license_end,03/08/2024
1336,plate,PHV3800
1337,vrm,NK67LYA
1338,make,Toyota
1339,model,Auris
1340,license_start,04/08/2023
1341,license_end,03/08/2024
1342,plate,PHV3301
1343,vrm,FY63FBV
1344,make,Skoda
1345,model,Superb
1346,license_start,06/08/2023
1347,license_end,05/08/2024
1348,plate,PHV2788
1349,vrm,DS13VGN
1350,make,Volkswagen
1351,model,Passat
1352,license_start,07/08/2023
1353,license_end,06/08/2024
1354,plate,PHV3249
1355,vrm,FT63OHF
1356,make,Skoda
1357,model,Superb
1358,license_start,07/08/2023
1359,license_end,06/08/2024
1360,plate,PHV2504
1361,vrm,DX63JNJ
1362,make,Vauxhall
1363,model,Vivaro
1364,license_start,08/08/2023
1365,license_end,07/08/2024
1366,plate,PHV2782
1367,vrm,MX14VOU
1368,make,Audi
1369,model,A6
1370,license_start,08/08/2023
1371,license_end,07/08/2024
1372,plate,PHV3933
1373,vrm,KJ18NAE
1374,make,Toyota
1375,model,Auris
1376,license_start,08/08/2023
1377,license_end,07/08/2024
1378,plate,PHV3939
1379,vrm,FL18MWX
1380,make,Toyota
1381,model,Auris
1382,license_start,09/08/2023
1383,license_end,08/08/2024
1384,plate,PHV3104
1385,vrm,PJ62URA
1386,make,Volkswagen
1387,model,Passat
1388,license_start,10/08/2023
1389,license_end,09/08/2024
1390,plate,PHV3617
1391,vrm,GF64GWZ
1392,make,Volkswagen
1393,model,Sharan
1394,license_start,10/08/2023
1395,license_end,09/08/2024
1396,plate,PHV3801
1397,vrm,FG16OXD
1398,make,Toyota
1399,model,Verso
1400,license_start,10/08/2023
1401,license_end,09/08/2024
1402,plate,PHV3629
1403,vrm,FH66GVO
1404,make,BMW
1405,model,520D
1406,license_start,11/08/2023
1407,license_end,10/08/2024
1408,plate,PHV3631
1409,vrm,FV68FNK
1410,make,Toyota
1411,model,Prius
1412,license_start,11/08/2023
1413,license_end,10/08/2024
1414,plate,PHV3798
1415,vrm,LR66LSL
1416,make,Toyota
1417,model,Auris
1418,license_start,11/08/2023
1419,license_end,10/08/2024
1420,plate,PHV3258
1421,vrm,LN17AEU
1422,make,Toyota
1423,model,Auris
1424,license_start,13/08/2023
1425,license_end,12/08/2024
1426,plate,PHV3479
1427,vrm,GF14VUN
1428,make,Volkswagen
1429,model,Touran
1430,license_start,13/08/2023
1431,license_end,12/08/2024
1432,plate,PHV3940
1433,vrm,FM18ULJ
1434,make,Toyota
1435,model,Auris
1436,license_start,14/08/2023
1437,license_end,13/08/2024
1438,plate,PHV3937
1439,vrm,FN70JMV
1440,make,Seat
1441,model,Alhambra
1442,license_start,15/08/2023
1443,license_end,14/08/2024
1444,plate,PHV3251
1445,vrm,R3UXY
1446,make,Nissan
1447,model,Note
1448,license_start,16/08/2023
1449,license_end,15/08/2024
1450,plate,PHV3934
1451,vrm,LM64TKX
1452,make,Volkswagen
1453,model,Touran
1454,license_start,16/08/2023
1455,license_end,15/08/2024
1456,plate,PHV3471
1457,vrm,MX14NHK
1458,make,Toyota
1459,model,Prius
1460,license_start,17/08/2023
1461,license_end,16/08/2024
1462,plate,PHV3930
1463,vrm,MW63PKF
1464,make,Vauxhall
1465,model,Zafira
1466,license_start,17/08/2023
1467,license_end,16/08/2024
1468,plate,PHV3284
1469,vrm,BF17TRV
1470,make,Vauxhall
1471,model,Zafira
1472,license_start,19/08/2023
1473,license_end,17/08/2024
1474,plate,PHV3478
1475,vrm,YR15TUP
1476,make,Toyota
1477,model,Avensis
1478,license_start,18/08/2023
1479,license_end,17/08/2024
1480,plate,PHV3482
1481,vrm,LN67NMY
1482,make,Toyota
1483,model,Prius
1484,license_start,18/08/2023
1485,license_end,17/08/2024
1486,plate,PHV3632
1487,vrm,DF67XPG
1488,make,Toyota
1489,model,Auris
1490,license_start,18/08/2023
1491,license_end,17/08/2024
1492,plate,PHV3936
1493,vrm,YE20MRU
1494,make,Renault
1495,model,Trafic
1496,license_start,18/08/2023
1497,license_end,17/08/2024
1498,plate,PHV2977
1499,vrm,HF63WUO
1500,make,Toyota
1501,model,Auris
1502,license_start,19/08/2023
1503,license_end,18/08/2024
1504,plate,PHV3469
1505,vrm,LM67OKK
1506,make,Toyota
1507,model,Prius
1508,license_start,19/08/2023
1509,license_end,18/08/2024
1510,plate,PHV3938
1511,vrm,VX66UWU
1512,make,Renault
1513,model,Trafic
1514,license_start,17/08/2023
1515,license_end,18/08/2024
1516,plate,PHV3468
1517,vrm,YA17MHF
1518,make,Skoda
1519,model,Octavia
1520,license_start,21/08/2023
1521,license_end,20/08/2024
1522,plate,PHV3796
1523,vrm,KS16EWH
1524,make,Seat
1525,model,Alhambra
1526,license_start,21/08/2023
1527,license_end,20/08/2024
1528,plate,PHV3941
1529,vrm,KP72YXL
1530,make,Toyota
1531,model,YarisCross
1532,license_start,21/08/2023
1533,license_end,20/08/2024
1534,plate,PHV3500
1535,vrm,BK16DDL
1536,make,Renault
1537,model,Master
1538,license_start,22/08/2023
1539,license_end,21/08/2024
1540,plate,PHV3935
1541,vrm,DV67HVG
1542,make,Vauxhall
1543,model,Insignia
1544,license_start,22/08/2023
1545,license_end,21/08/2024
1546,plate,PHV3583
1547,vrm,DU15FXW
1548,make,Vauxhall
1549,model,Insignia
1550,license_start,23/08/2023
1551,license_end,22/08/2024
1552,plate,PHV3638
1553,vrm,GJ15CNC
1554,make,Volkswagen
1555,model,Sharan
1556,license_start,23/08/2023
1557,license_end,22/08/2024
1558,plate,PHV3628
1559,vrm,GJ14VWP
1560,make,Skoda
1561,model,Octavia
1562,license_start,24/08/2023
1563,license_end,23/08/2024
1564,plate,PHV3804
1565,vrm,BA51TAK
1566,make,Ford
1567,model,Mondeo
1568,license_start,25/08/2023
1569,license_end,23/08/2024
1570,plate,PHV3006
1571,vrm,S5DTC
1572,make,Volkswagen
1573,model,Touran
1574,license_start,25/08/2023
1575,license_end,24/08/2024
1576,plate,PHV3338
1577,vrm,R123FFY
1578,make,Mercedes-Benz
1579,model,E220
1580,license_start,26/08/2023
1581,license_end,25/08/2024
1582,plate,PHV3309
1583,vrm,DF16PXP
1584,make,Skoda
1585,model,Octavia
1586,license_start,27/08/2023
1587,license_end,26/08/2024
1588,plate,PHV3634
1589,vrm,GH16EOD
1590,make,Volkswagen
1591,model,Sharan
1592,license_start,27/08/2023
1593,license_end,26/08/2024
1594,plate,PHV3944
1595,vrm,EF69UZA
1596,make,Toyota
1597,model,Prius
1598,license_start,29/08/2023
1599,license_end,28/08/2024
1600,plate,PHV3080
1601,vrm,T5DTC
1602,make,Volkswagen
1603,model,Touran
1604,license_start,31/08/2023
1605,license_end,30/08/2024
1606,plate,PHV3624
1607,vrm,LY15GWV
1608,make,Skoda
1609,model,Rapid
1610,license_start,31/08/2023
1611,license_end,30/08/2024
1612,plate,PHV3627
1613,vrm,DC16MUE
1614,make,Toyota
1615,model,Auris
1616,license_start,01/09/2023
1617,license_end,31/08/2024
1618,plate,PHV3803
1619,vrm,S17SHU
1620,make,Toyota
1621,model,Auris
1622,license_start,01/09/2023
1623,license_end,31/08/2024
1624,plate,PHV3313
1625,vrm,EJ17UBT
1626,make,Ford
1627,model,Transit
1628,license_start,02/09/2023
1629,license_end,01/09/2024
1630,plate,PHV3315
1631,vrm,RJ15UOU
1632,make,Toyota
1633,model,Prius
1634,license_start,03/09/2023
1635,license_end,02/09/2024
1636,plate,PHV3641
1637,vrm,SJ16EYF
1638,make,Mercedes-Benz
1639,model,Vito
1640,license_start,03/09/2023
1641,license_end,02/09/2024
1642,plate,PHV2808
1643,vrm,SN63UTK
1644,make,Ford
1645,model,Galaxy
1646,license_start,05/09/2023
1647,license_end,04/09/2024
1648,plate,PHV3473
1649,vrm,YJ16BMO
1650,make,Renault
1651,model,Master
1652,license_start,05/09/2023
1653,license_end,04/09/2024
1654,plate,PHV3485
1655,vrm,BN16HBJ
1656,make,Toyota
1657,model,Verso
1658,license_start,05/09/2023
1659,license_end,04/09/2024
1660,plate,PHV3042
1661,vrm,YT13BPO
1662,make,Ford
1663,model,Transit
1664,license_start,06/09/2023
1665,license_end,05/09/2024
1666,plate,PHV3642
1667,vrm,LAL45A
1668,make,Skoda
1669,model,Octavia
1670,license_start,06/09/2023
1671,license_end,05/09/2024
1672,plate,PHV3943
1673,vrm,FD67DTF
1674,make,Kia
1675,model,Optima
1676,license_start,06/09/2023
1677,license_end,05/09/2024
1678,plate,PHV3945
1679,vrm,MV67FPU
1680,make,Volkswagen
1681,model,Passat
1682,license_start,06/09/2023
1683,license_end,05/09/2024
1684,plate,PHV3946
1685,vrm,KP69AXU
1686,make,Toyota
1687,model,Corolla
1688,license_start,06/09/2023
1689,license_end,05/09/2024
1690,plate,PHV2907
1691,vrm,WU64KRV
1692,make,Toyota
1693,model,Avensis
1694,license_start,07/09/2023
1695,license_end,06/09/2024
1696,plate,PHV3264
1697,vrm,YJ63YXA
1698,make,Volkswagen
1699,model,Passat
1700,license_start,07/09/2023
1701,license_end,06/09/2024
1702,plate,PHV3276
1703,vrm,FJ66ZGX
1704,make,Toyota
1705,model,Avensis
1706,license_start,08/09/2023
1707,license_end,07/09/2024
1708,plate,PHV3497
1709,vrm,WX19ZFV
1710,make,Mercedes-Benz
1711,model,Vito
1712,license_start,08/09/2023
1713,license_end,07/09/2024
1714,plate,PHV3807
1715,vrm,LO66CKL
1716,make,BMW
1717,model,520D
1718,license_start,08/09/2023
1719,license_end,07/09/2024
1720,plate,PHV3095
1721,vrm,MA11SUD
1722,make,Jaguar
1723,model,XF
1724,license_start,09/09/2023
1725,license_end,08/09/2024
1726,plate,PHV3321
1727,vrm,RV15XUO
1728,make,Toyota
1729,model,Auris
1730,license_start,10/09/2023
1731,license_end,09/09/2024
1732,plate,PHV3805
1733,vrm,DV15JKK
1734,make,Vauxhall
1735,model,Vivaro
1736,license_start,11/09/2023
1737,license_end,10/09/2024
1738,plate,PHV3949
1739,vrm,FY17WTM
1740,make,Vauxhall
1741,model,AstraSri turbo
1742,license_start,11/09/2023
1743,license_end,10/09/2024
1744,plate,PHV3616
1745,vrm,FM67LVE
1746,make,Toyota
1747,model,Avensis
1748,license_start,12/09/2023
1749,license_end,11/09/2024
1750,plate,PHV3651
1751,vrm,GL16ANU
1752,make,Skoda
1753,model,Octavia
1754,license_start,12/09/2023
1755,license_end,11/09/2024
1756,plate,PHV3322
1757,vrm,SF14CSZ
1758,make,Peugeot
1759,model,Boxer
1760,license_start,13/09/2023
1761,license_end,12/09/2024
1762,plate,PHV3953
1763,vrm,GL18KYF
1764,make,Volkswagen
1765,model,Passat
1766,license_start,13/09/2023
1767,license_end,12/09/2024
1768,plate,PHV2752
1769,vrm,MD63CXP
1770,make,Volkswagen
1771,model,Passat
1772,license_start,14/09/2023
1773,license_end,13/09/2024
1774,plate,PHV2809
1775,vrm,KS15VRL
1776,make,Seat
1777,model,Alhambra
1778,license_start,14/09/2023
1779,license_end,13/09/2024
1780,plate,PHV3648
1781,vrm,EG18NBZ
1782,make,Toyota
1783,model,Auris
1784,license_start,14/09/2023
1785,license_end,13/09/2024
1786,plate,PHV3649
1787,vrm,KX64EHL
1788,make,Skoda
1789,model,Superb
1790,license_start,14/09/2023
1791,license_end,13/09/2024
1792,plate,PHV3316
1793,vrm,VN63MPV
1794,make,Skoda
1795,model,Octavia
1796,license_start,15/09/2023
1797,license_end,14/09/2024
1798,plate,PHV3647
1799,vrm,BK66WTN
1800,make,Hyundai
1801,model,i40
1802,license_start,15/09/2023
1803,license_end,14/09/2024
1804,plate,PHV3812
1805,vrm,FD65AAU
1806,make,Toyota
1807,model,Auris
1808,license_start,15/09/2023
1809,license_end,14/09/2024
1810,plate,PHV3942
1811,vrm,BJ68VHF
1812,make,Ford
1813,model,Mondeo
1814,license_start,15/09/2023
1815,license_end,14/09/2024
1816,plate,PHV3021
1817,vrm,DE15KOA
1818,make,Toyota
1819,model,Avensis
1820,license_start,16/09/2023
1821,license_end,15/09/2024
1822,plate,PHV3028
1823,vrm,N24DDS
1824,make,Toyota
1825,model,Auris
1826,license_start,16/09/2023
1827,license_end,15/09/2024
1828,plate,PHV3474
1829,vrm,KY66TYO
1830,make,Fiat
1831,model,Ducato
1832,license_start,16/09/2023
1833,license_end,15/09/2024
1834,plate,PHV3496
1835,vrm,FL17VFA
1836,make,Toyota
1837,model,Auris
1838,license_start,16/09/2023
1839,license_end,15/09/2024
1840,plate,PHV3813
1841,vrm,WF67CKL
1842,make,Toyota
1843,model,C-HR
1844,license_start,16/09/2023
1845,license_end,15/09/2024
1846,plate,PHV3814
1847,vrm,DSZ2949
1848,make,Nissan
1849,model,Qashqai
1850,license_start,16/09/2023
1851,license_end,15/09/2024
1852,plate,PHV3815
1853,vrm,RE18HVB
1854,make,Volkswagen
1855,model,Passat
1856,license_start,16/09/2023
1857,license_end,15/09/2024
1858,plate,PHV3654
1859,vrm,MA66XWS
1860,make,Kia
1861,model,Optima
1862,license_start,17/09/2023
1863,license_end,16/09/2024
1864,plate,PHV3495
1865,vrm,YJ14OLA
1866,make,Toyota
1867,model,Prius
1868,license_start,18/09/2023
1869,license_end,17/09/2024
1870,plate,PHV3802
1871,vrm,GM16OCH
1872,make,Skoda
1873,model,Fabia
1874,license_start,18/09/2023
1875,license_end,17/09/2024
1876,plate,PHV3948
1877,vrm,KR69CYT
1878,make,Toyota
1879,model,Prius
1880,license_start,18/09/2023
1881,license_end,17/09/2024
1882,plate,PHV3951
1883,vrm,EG19RFK
1884,make,Toyota
1885,model,Prius
1886,license_start,18/09/2023
1887,license_end,17/09/2024
1888,plate,PHV3197
1889,vrm,YY64VOM
1890,make,Volkswagen
1891,model,Sharan
1892,license_start,20/09/2023
1893,license_end,19/09/2024
1894,plate,PHV3645
1895,vrm,OW15UDP
1896,make,Skoda
1897,model,Octavia
1898,license_start,20/09/2023
1899,license_end,19/09/2024
1900,plate,PHV3265
1901,vrm,LS15XDT
1902,make,Ford
1903,model,Galaxy
1904,license_start,21/09/2023
1905,license_end,20/09/2024
1906,plate,PHV3489
1907,vrm,AF16WGY
1908,make,Skoda
1909,model,Rapid
1910,license_start,21/09/2023
1911,license_end,20/09/2024
1912,plate,PHV3637
1913,vrm,FM67FVN
1914,make,Toyota
1915,model,Auris
1916,license_start,21/09/2023
1917,license_end,20/09/2024
1918,plate,PHV2765
1919,vrm,KR63FMP
1920,make,Toyota
1921,model,Avensis
1922,license_start,23/09/2023
1923,license_end,22/09/2024
1924,plate,PHV3035
1925,vrm,FL17USJ
1926,make,Toyota
1927,model,Auris
1928,license_start,23/09/2023
1929,license_end,22/09/2024
1930,plate,PHV3486
1931,vrm,FM67FSN
1932,make,Toyota
1933,model,Auris
1934,license_start,23/09/2023
1935,license_end,22/09/2024
1936,plate,PHV3239
1937,vrm,WR62DTX
1938,make,Toyota
1939,model,Verso
1940,license_start,24/09/2023
1941,license_end,23/09/2024
1942,plate,PHV3020
1943,vrm,MK67RXD
1944,make,Toyota
1945,model,Auris
1946,license_start,25/09/2023
1947,license_end,24/09/2024
1948,plate,PHV3335
1949,vrm,AP17KYS
1950,make,Toyota
1951,model,Prius
1952,license_start,25/09/2023
1953,license_end,24/09/2024
1954,plate,PHV3330
1955,vrm,FN15KTU
1956,make,Toyota
1957,model,Auris
1958,license_start,26/09/2023
1959,license_end,25/09/2024
1960,plate,PHV3956
1961,vrm,DY66UZS
1962,make,Vauxhall
1963,model,Vivaro
1964,license_start,26/09/2023
1965,license_end,25/09/2024
1966,plate,PHV3101
1967,vrm,YE14TDX
1968,make,Volkswagen
1969,model,Passat
1970,license_start,27/09/2023
1971,license_end,26/09/2024
1972,plate,PHV3336
1973,vrm,HY18VMA
1974,make,Renault
1975,model,Trafic
1976,license_start,27/09/2023
1977,license_end,26/09/2024
1978,plate,PHV3472
1979,vrm,KY66TYA
1980,make,Fiat
1981,model,Ducato
1982,license_start,27/09/2023
1983,license_end,26/09/2024
1984,plate,PHV3494
1985,vrm,FM18UXJ
1986,make,Toyota
1987,model,Auris
1988,license_start,27/09/2023
1989,license_end,26/09/2024
1990,plate,PHV3502
1991,vrm,YG63OCP
1992,make,Skoda
1993,model,Superb
1994,license_start,27/09/2023
1995,license_end,26/09/2024
1996,plate,PHV3656
1997,vrm,LT18HWX
1998,make,Toyota
1999,model,Auris
2000,license_start,27/09/2023
2001,license_end,26/09/2024
2002,plate,PHV3817
2003,vrm,FT19OJX
2004,make,Skoda
2005,model,Octavia
2006,license_start,27/09/2023
2007,license_end,26/09/2024
2008,plate,PHV3816
2009,vrm,LT16ZJN
2010,make,Volkswagen
2011,model,Jetta
2012,license_start,28/09/2023
2013,license_end,27/09/2024
2014,plate,PHV3059
2015,vrm,AY65LND
2016,make,Seat
2017,model,Toledo
2018,license_start,30/09/2023
2019,license_end,29/09/2024
2020,plate,PHV3646
2021,vrm,R70CON
2022,make,Skoda
2023,model,Octavia
2024,license_start,30/09/2023
2025,license_end,29/09/2024
2026,plate,PHV3818
2027,vrm,FA16LHJ
2028,make,Toyota
2029,model,Auris
2030,license_start,30/09/2023
2031,license_end,29/09/2024
2032,plate,PHV3506
2033,vrm,YJ19AVO
2034,make,Renault
2035,model,Master
2036,license_start,01/10/2023
2037,license_end,30/09/2024
2038,plate,PHV3090
2039,vrm,HK63SRZ
2040,make,Skoda
2041,model,Superb
2042,license_start,02/10/2023
2043,license_end,01/10/2024
2044,plate,PHV3952
2045,vrm,FG70UTW
2046,make,Toyota
2047,model,Corolla
2048,license_start,02/10/2023
2049,license_end,01/10/2024
2050,plate,PHV3342
2051,vrm,FX16UPD
2052,make,Toyota
2053,model,Verso
2054,license_start,03/10/2023
2055,license_end,02/10/2024
2056,plate,PHV3810
2057,vrm,CF16NVK
2058,make,Seat
2059,model,Alhambra
2060,license_start,03/10/2023
2061,license_end,02/10/2024
2062,plate,PHV3955
2063,vrm,FD16SMV
2064,make,Vauxhall
2065,model,Vivaro
2066,license_start,03/10/2023
2067,license_end,02/10/2024
2068,plate,PHV3957
2069,vrm,NG17EKB
2070,make,Toyota
2071,model,Auris
2072,license_start,03/10/2023
2073,license_end,02/10/2024
2074,plate,PHV3023
2075,vrm,YD64JVW
2076,make,Vauxhall
2077,model,Vivaro
2078,license_start,04/10/2023
2079,license_end,03/10/2024
2080,plate,PHV3454
2081,vrm,BV66TWZ
2082,make,Mercedes-Benz
2083,model,Vito
2084,license_start,04/10/2023
2085,license_end,03/10/2024
2086,model,GalaxyZetec TDCI
2087,plate,PHV3950
2088,vrm,AK14MXS
2089,make,Ford
2090,model,Auto
2091,license_start,04/10/2023
2092,license_end,03/10/2024
2093,plate,PHV3954
2094,vrm,DF67YPO
2095,make,Skoda
2096,model,Superb
2097,license_start,04/10/2023
2098,license_end,03/10/2024
2099,plate,PHV3493
2100,vrm,FN18MGV
2101,make,Toyota
2102,model,Auris
2103,license_start,05/10/2023
2104,license_end,04/10/2024
2105,plate,PHV3505
2106,vrm,ML16YYF
2107,make,Toyota
2108,model,Auris
2109,license_start,05/10/2023
2110,license_end,04/10/2024
2111,plate,PHV3652
2112,vrm,FG65RNF
2113,make,Toyota
2114,model,Auris
2115,license_start,05/10/2023
2116,license_end,04/10/2024
2117,plate,PHV3962
2118,vrm,WN69NCE
2119,make,Toyota
2120,model,Prius
2121,license_start,05/10/2023
2122,license_end,04/10/2024
2123,plate,PHV2550
2124,vrm,DL13WUU
2125,make,Vauxhall
2126,model,Vivaro
2127,license_start,06/10/2023
2128,license_end,05/10/2024
2129,plate,PHV3273
2130,vrm,GK13CVB
2131,make,Skoda
2132,model,Superb
2133,license_start,06/10/2023
2134,license_end,05/10/2024
2135,plate,PHV3501
2136,vrm,SM65UTY
2137,make,Ford
2138,model,GrandC Max
2139,license_start,06/10/2023
2140,license_end,05/10/2024
2141,plate,PHV3664
2142,vrm,BK17XNJ
2143,make,Skoda
2144,model,Octavia
2145,license_start,07/10/2023
2146,license_end,06/10/2024
2147,plate,PHV3089
2148,vrm,YT13BPE
2149,make,Ford
2150,model,Transit
2151,license_start,09/10/2023
2152,license_end,08/10/2024
2153,plate,PHV2830
2154,vrm,MF63OBT
2155,make,Toyota
2156,model,Auris
2157,license_start,10/10/2023
2158,license_end,09/10/2024
2159,plate,PHV2955
2160,vrm,WV64FHY
2161,make,Mercedes-Benz
2162,model,Vito
2163,license_start,11/10/2023
2164,license_end,10/10/2024
2165,plate,PHV3963
2166,vrm,KX17GUC
2167,make,Skoda
2168,model,Superb
2169,license_start,11/10/2023
2170,license_end,10/10/2024
2171,plate,PHV3109
2172,vrm,GM14ETF
2173,make,Skoda
2174,model,Superb
2175,license_start,12/10/2023
2176,license_end,11/10/2024
2177,plate,PHV3964
2178,vrm,FT21RWN
2179,make,Toyota
2180,model,Prius
2181,license_start,12/10/2023
2182,license_end,11/10/2024
2183,plate,PHV3509
2184,vrm,BF64XUD
2185,make,Skoda
2186,model,Octavia
2187,license_start,13/10/2023
2188,license_end,12/10/2024
2189,plate,PHV3675
2190,vrm,MH68KVE
2191,make,Toyota
2192,model,Prius
2193,license_start,13/10/2023
2194,license_end,12/10/2024
2195,plate,PHV2851
2196,vrm,ND14KZX
2197,make,Skoda
2198,model,Rapid
2199,license_start,16/10/2023
2200,license_end,15/10/2024
2201,plate,PHV3111
2202,vrm,LM63ZFU
2203,make,Volkswagen
2204,model,Passat
2205,license_start,17/10/2023
2206,license_end,15/10/2024
2207,plate,PHV3965
2208,vrm,YJ14CFZ
2209,make,Renault
2210,model,Master
2211,license_start,17/10/2023
2212,license_end,16/10/2024
2213,plate,PHV3659
2214,vrm,DU16YHR
2215,make,Vauxhall
2216,model,Vivaro
2217,license_start,18/10/2023
2218,license_end,17/10/2024
2219,plate,PHV3662
2220,vrm,DK65MFY
2221,make,Vauxhall
2222,model,Vivaro
2223,license_start,18/10/2023
2224,license_end,17/10/2024
2225,plate,PHV3670
2226,vrm,YG66WEC
2227,make,Skoda
2228,model,Octavia
2229,license_start,18/10/2023
2230,license_end,17/10/2024
2231,plate,PHV3450
2232,vrm,DU13NKW
2233,make,Vauxhall
2234,model,Zafira
2235,license_start,19/10/2023
2236,license_end,18/10/2024
2237,plate,PHV3672
2238,vrm,YE67VYT
2239,make,Skoda
2240,model,Fabia
2241,license_start,19/10/2023
2242,license_end,18/10/2024
2243,plate,PHV3821
2244,vrm,ND18FWV
2245,make,Toyota
2246,model,Prius
2247,license_start,19/10/2023
2248,license_end,18/10/2024
2249,plate,PHV2821
2250,vrm,KX64ZRC
2251,make,Toyota
2252,model,Auris
2253,license_start,20/10/2023
2254,license_end,19/10/2024
2255,plate,PHV3346
2256,vrm,SC16XWY
2257,make,Toyota
2258,model,Auris
2259,license_start,20/10/2023
2260,license_end,19/10/2024
2261,plate,PHV3959
2262,vrm,FN68XBA
2263,make,Toyota
2264,model,Auris
2265,license_start,23/10/2023
2266,license_end,22/10/2024
2267,plate,PHV3666
2268,vrm,BN15EJU
2269,make,Toyota
2270,model,Auris
2271,license_start,24/10/2023
2272,license_end,23/10/2024
2273,plate,PHV2841
2274,vrm,FV63BVO
2275,make,Skoda
2276,model,Octavia
2277,license_start,25/10/2023
2278,license_end,24/10/2024
2279,plate,PHV3345
2280,vrm,HG63AXM
2281,make,Skoda
2282,model,Octavia
2283,license_start,27/10/2023
2284,license_end,26/10/2024
2285,plate,PHV3671
2286,vrm,GK66XUN
2287,make,Skoda
2288,model,Octavia
2289,license_start,28/10/2023
2290,license_end,27/10/2024
2291,plate,PHV3359
2292,vrm,YJ14HSV
2293,make,Vauxhall
2294,model,Vivaro
2295,license_start,31/10/2023
2296,license_end,30/10/2024
2297,plate,PHV3399
2298,vrm,KP63WBG
2299,make,Toyota
2300,model,Prius
2301,license_start,01/11/2023
2302,license_end,31/10/2024
2303,plate,PHV3661
2304,vrm,KR66OPN
2305,make,Volkswagen
2306,model,Passat
2307,license_start,01/11/2023
2308,license_end,31/10/2024
2309,plate,PHV3970
2310,vrm,HF69WHU
2311,make,Toyota
2312,model,Prius
2313,license_start,01/11/2023
2314,license_end,31/10/2024
2315,plate,PHV3459
2316,vrm,GF14DFX
2317,make,Volkswagen
2318,model,Sharan
2319,license_start,02/11/2023
2320,license_end,01/11/2024
2321,plate,PHV3512
2322,vrm,WJ65AYN
2323,make,Peugeot
2324,model,Boxer
2325,license_start,02/11/2023
2326,license_end,01/11/2024
2327,plate,PHV3584
2328,vrm,FP19XHE
2329,make,Toyota
2330,model,Corolla
2331,license_start,02/11/2023
2332,license_end,01/11/2024
2333,plate,PHV3621
2334,vrm,KW63AYE
2335,make,Citroen
2336,model,C4Grand Picasso
2337,license_start,02/11/2023
2338,license_end,01/11/2024
2339,plate,PHV3665
2340,vrm,FV15BMY
2341,make,Audi
2342,model,A3
2343,license_start,02/11/2023
2344,license_end,01/11/2024
2345,plate,PHV2824
2346,vrm,DL16PPK
2347,make,Vauxhall
2348,model,Vivaro
2349,license_start,03/11/2023
2350,license_end,02/11/2024
2351,plate,PHV3669
2352,vrm,BG66PXJ
2353,make,Vauxhall
2354,model,Astra
2355,license_start,03/11/2023
2356,license_end,02/11/2024
2357,plate,PHV3967
2358,vrm,RK69JGF
2359,make,Audi
2360,model,A5
2361,license_start,03/11/2023
2362,license_end,02/11/2024
2363,plate,PHV2872
2364,vrm,YH63KCF
2365,make,Renault
2366,model,Trafic
2367,license_start,06/11/2023
2368,license_end,05/11/2024
2369,plate,PHV3334
2370,vrm,AU15XCE
2371,make,Vauxhall
2372,model,Insignia
2373,license_start,06/11/2023
2374,license_end,05/11/2024
2375,plate,PHV3966
2376,vrm,CK72HFF
2377,make,Hyundai
2378,model,Ioniq
2379,license_start,06/11/2023
2380,license_end,05/11/2024
2381,plate,PHV3504
2382,vrm,FP63HWU
2383,make,Toyota
2384,model,Avensis
2385,license_start,07/11/2023
2386,license_end,06/11/2024
2387,plate,PHV3974
2388,vrm,AP17KUG
2389,make,Seat
2390,model,Alhambra
2391,license_start,07/11/2023
2392,license_end,06/11/2024
2393,plate,PHV2587
2394,vrm,DU65HVP
2395,make,Vauxhall
2396,model,Vivaro
2397,license_start,08/11/2023
2398,license_end,07/11/2024
2399,plate,PHV3968
2400,vrm,VN68KVH
2401,make,Hyundai
2402,model,Ioniq
2403,license_start,08/11/2023
2404,license_end,07/11/2024
2405,plate,PHV3973
2406,vrm,CN17XHY
2407,make,Ford
2408,model,GrandC Max
2409,license_start,09/11/2023
2410,license_end,08/11/2024
2411,plate,PHV3975
2412,vrm,FJ17HCU
2413,make,Toyota
2414,model,Auris
2415,license_start,09/11/2023
2416,license_end,08/11/2024
2417,plate,PHV2842
2418,vrm,MJ66OKW
2419,make,Toyota
2420,model,Auris
2421,license_start,10/11/2023
2422,license_end,09/11/2024
2423,plate,PHV3972
2424,vrm,EK68LNM
2425,make,Hyundai
2426,model,Ioniq
2427,license_start,10/11/2023
2428,license_end,09/11/2024
2429,plate,PHV3980
2430,vrm,YN18LNY
2431,make,Toyota
2432,model,Prius
2433,license_start,10/11/2023
2434,license_end,09/11/2024
2435,plate,PHV3117
2436,vrm,KX14HDH
2437,make,Toyota
2438,model,Prius
2439,license_start,13/11/2023
2440,license_end,12/11/2024
2441,plate,PHV3174
2442,vrm,KP63VXO
2443,make,Skoda
2444,model,Superb
2445,license_start,13/11/2023
2446,license_end,12/11/2024
2447,plate,PHV2837
2448,vrm,WU66OJH
2449,make,Toyota
2450,model,Verso
2451,license_start,14/11/2023
2452,license_end,13/11/2024
2453,plate,PHV3808
2454,vrm,SL63FJV
2455,make,Mercedes-Benz
2456,model,Vito
2457,license_start,14/11/2023
2458,license_end,13/11/2024
2459,plate,PHV3360
2460,vrm,VA65LZF
2461,make,Volkswagen
2462,model,Sharan
2463,license_start,15/11/2023
2464,license_end,14/11/2024
2465,plate,PHV3663
2466,vrm,MX17VHV
2467,make,Toyota
2468,model,Avensis
2469,license_start,15/11/2023
2470,license_end,14/11/2024
2471,plate,PHV3824
2472,vrm,FV19XFY
2473,make,Toyota
2474,model,Auris
2475,license_start,15/11/2023
2476,license_end,14/11/2024
2477,plate,PHV3826
2478,vrm,KP18OFV
2479,make,Hyundai
2480,model,Ioniq
2481,license_start,15/11/2023
2482,license_end,14/11/2024
2483,plate,PHV3834
2484,vrm,GV17HDO
2485,make,Mercedes-Benz
2486,model,E220D
2487,license_start,15/11/2023
2488,license_end,14/11/2024
2489,plate,PHV2860
2490,vrm,ET14LKD
2491,make,Volkswagen
2492,model,Sharan
2493,license_start,17/11/2023
2494,license_end,16/11/2024
2495,plate,PHV3503
2496,vrm,MD65EWR
2497,make,Citroen
2498,model,C4Grand Picasso
2499,license_start,17/11/2023
2500,license_end,16/11/2024
2501,plate,PHV3683
2502,vrm,FJ65JHX
2503,make,Ford
2504,model,Focus
2505,license_start,18/11/2023
2506,license_end,17/11/2024
2507,plate,PHV3682
2508,vrm,LK67UDS
2509,make,Vauxhall
2510,model,Vivaro
2511,license_start,19/11/2023
2512,license_end,18/11/2024
2513,plate,PHV3685
2514,vrm,GM14HGA
2515,make,Volkswagen
2516,model,Passat
2517,license_start,19/11/2023
2518,license_end,18/11/2024
2519,plate,PHV3969
2520,vrm,CY68CXE
2521,make,Skoda
2522,model,Superb
2523,license_start,20/11/2023
2524,license_end,19/11/2024
2525,plate,PHV3976
2526,vrm,KX17FXP
2527,make,Skoda
2528,model,Fabia
2529,license_start,20/11/2023
2530,license_end,19/11/2024
2531,plate,PHV3379
2532,vrm,MA66PZF
2533,make,Toyota
2534,model,Auris
2535,license_start,21/11/2023
2536,license_end,20/11/2024
2537,plate,PHV3380
2538,vrm,RE64HLP
2539,make,Volkswagen
2540,model,Touran
2541,license_start,21/11/2023
2542,license_end,20/11/2024
2543,plate,PHV3543
2544,vrm,OV70BPX
2545,make,Toyota
2546,model,Corolla
2547,license_start,21/11/2023
2548,license_end,20/11/2024
2549,plate,PHV3676
2550,vrm,EK17LDV
2551,make,Toyota
2552,model,Prius
2553,license_start,22/11/2023
2554,license_end,21/11/2024
2555,plate,PHV3827
2556,vrm,DA16WZF
2557,make,Vauxhall
2558,model,Zafira
2559,license_start,22/11/2023
2560,license_end,21/11/2024
2561,plate,PHV3971
2562,vrm,FL17RHU
2563,make,Vauxhall
2564,model,Astra
2565,license_start,22/11/2023
2566,license_end,21/11/2024
2567,plate,PHV2879
2568,vrm,KP63VMM
2569,make,Toyota
2570,model,Prius
2571,license_start,23/11/2023
2572,license_end,22/11/2024
2573,plate,PHV3361
2574,vrm,LF16EZM
2575,make,Volkswagen
2576,model,Passat
2577,license_start,23/11/2023
2578,license_end,22/11/2024
2579,plate,PHV3522
2580,vrm,WP15UNB
2581,make,Volkswagen
2582,model,Touran
2583,license_start,23/11/2023
2584,license_end,22/11/2024
2585,plate,PHV3832
2586,vrm,FM17DEU
2587,make,Toyota
2588,model,Auris
2589,license_start,23/11/2023
2590,license_end,22/11/2024
2591,plate,PHV3269
2592,vrm,FY63MFF
2593,make,Volkswagen
2594,model,Sharan
2595,license_start,24/11/2023
2596,license_end,23/11/2024
2597,plate,PHV3979
2598,vrm,KX20GDJ
2599,make,Toyota
2600,model,Corolla
2601,license_start,24/11/2023
2602,license_end,23/11/2024
2603,plate,PHV3684
2604,vrm,BX66NNB
2605,make,Toyota
2606,model,Prius
2607,license_start,25/11/2023
2608,license_end,24/11/2024
2609,plate,PHV3833
2610,vrm,BU18BKN
2611,make,Hyundai
2612,model,Ioniq
2613,license_start,25/11/2023
2614,license_end,24/11/2024
2615,plate,PHV3367
2616,vrm,HK17VDO
2617,make,Hyundai
2618,model,Ioniq
2619,license_start,27/11/2023
2620,license_end,26/11/2024
2621,plate,PHV3511
2622,vrm,FM18UOO
2623,make,Toyota
2624,model,Auris
2625,license_start,27/11/2023
2626,license_end,26/11/2024
2627,plate,PHV3517
2628,vrm,EN17YAW
2629,make,BMW
2630,model,216D
2631,license_start,28/11/2023
2632,license_end,27/11/2024
2633,plate,PHV3978
2634,vrm,YE68JDJ
2635,make,Toyota
2636,model,C-HR
2637,license_start,28/11/2023
2638,license_end,27/11/2024
2639,plate,PHV3385
2640,vrm,KP63VZZ
2641,make,Toyota
2642,model,Prius
2643,license_start,29/11/2023
2644,license_end,28/11/2024
2645,plate,PHV3837
2646,vrm,MD18SYO
2647,make,Peugeot
2648,model,Boxer
2649,license_start,29/11/2023
2650,license_end,28/11/2024
2651,plate,PHV3388
2652,vrm,KP63VZY
2653,make,Toyota
2654,model,Prius
2655,license_start,30/11/2023
2656,license_end,29/11/2024
2657,plate,PHV3681
2658,vrm,FJ66HUV
2659,make,Toyota
2660,model,Prius
2661,license_start,30/11/2023
2662,license_end,29/11/2024
2663,plate,PHV3836
2664,vrm,GX66MZJ
2665,make,Toyota
2666,model,Auris
2667,license_start,30/11/2023
2668,license_end,29/11/2024
2669,plate,PHV3977
2670,vrm,DG69DHL
2671,make,Toyota
2672,model,Corolla
2673,license_start,30/11/2023
2674,license_end,29/11/2024
2675,plate,PHV3981
2676,vrm,LJ67ZFZ
2677,make,Kia
2678,model,Ceed
2679,license_start,30/11/2023
2680,license_end,29/11/2024
2681,plate,PHV3274
2682,vrm,FN14YXA
2683,make,Ford
2684,model,Galaxy
2685,license_start,01/12/2023
2686,license_end,30/11/2024
2687,plate,PHV3397
2688,vrm,KP63WBJ
2689,make,Toyota
2690,model,Prius
2691,license_start,01/12/2023
2692,license_end,30/11/2024
2693,plate,PHV3525
2694,vrm,SF68FKY
2695,make,Peugeot
2696,model,Boxer
2697,license_start,02/12/2023
2698,license_end,01/12/2024
2699,plate,PHV2887
2700,vrm,FH16LYR
2701,make,Toyota
2702,model,Auris
2703,license_start,04/12/2023
2704,license_end,03/12/2024
2705,plate,PHV3401
2706,vrm,AU67VGV
2707,make,Toyota
2708,model,Auris
2709,license_start,12/01/2024
2710,license_end,03/12/2024
2711,plate,PHV3390
2712,vrm,GV65OSR
2713,make,Toyota
2714,model,Prius
2715,license_start,05/12/2023
2716,license_end,04/12/2024
2717,plate,PHV3689
2718,vrm,GC16YHG
2719,make,Skoda
2720,model,Rapid
2721,license_start,05/12/2023
2722,license_end,04/12/2024
2723,plate,PHV3546
2724,vrm,KM63EFF
2725,make,Skoda
2726,model,Superb
2727,license_start,06/12/2023
2728,license_end,05/12/2024
2729,plate,PHV3392
2730,vrm,AK64BWU
2731,make,Volkswagen
2732,model,Passat
2733,license_start,08/12/2023
2734,license_end,07/12/2024
2735,plate,PHV2806
2736,vrm,YB15KXO
2737,make,Ford
2738,model,Tourneo
2739,license_start,11/12/2023
2740,license_end,10/12/2024
2741,plate,PHV3619
2742,vrm,FT63LHJ
2743,make,Volkswagen
2744,model,Sharan
2745,license_start,11/12/2023
2746,license_end,10/12/2024
2747,plate,PHV3829
2748,vrm,YF64KXU
2749,make,Ford
2750,model,Galaxy
2751,license_start,11/12/2023
2752,license_end,10/12/2024
2753,plate,PHV3842
2754,vrm,AV67OHR
2755,make,Skoda
2756,model,Superb
2757,license_start,11/12/2023
2758,license_end,10/12/2024
2759,plate,PHV3847
2760,vrm,SK19GWX
2761,make,Toyota
2762,model,C-HR
2763,license_start,12/12/2023
2764,license_end,11/12/2024
2765,plate,PHV3850
2766,vrm,GJ69XTM
2767,make,Hyundai
2768,model,Ioniq
2769,license_start,12/12/2023
2770,license_end,11/12/2024
2771,plate,PHV3139
2772,vrm,FV63BZN
2773,make,Skoda
2774,model,Superb
2775,license_start,14/12/2023
2776,license_end,12/12/2024
2777,plate,PHV3687
2778,vrm,AV16FET
2779,make,Volkswagen
2780,model,Sharan
2781,license_start,13/12/2023
2782,license_end,12/12/2024
2783,plate,PHV3986
2784,vrm,ES57NGH
2785,make,Toyota
2786,model,Corolla
2787,license_start,13/12/2023
2788,license_end,12/12/2024
2789,plate,PHV3153
2790,vrm,OY13YSV
2791,make,Skoda
2792,model,Fabia
2793,license_start,14/12/2023
2794,license_end,13/12/2024
2795,plate,PHV3695
2796,vrm,RF17OVG
2797,make,Kia
2798,model,Optima
2799,license_start,14/12/2023
2800,license_end,13/12/2024
2801,plate,PHV3849
2802,vrm,PJ20EUB
2803,make,Toyota
2804,model,Prius
2805,license_start,14/12/2023
2806,license_end,13/12/2024
2807,plate,PHV3983
2808,vrm,LG17XAV
2809,make,Kia
2810,model,Ceed
2811,license_start,14/12/2023
2812,license_end,13/12/2024
2813,plate,PHV3384
2814,vrm,KP63VZM
2815,make,Vauxhall
2816,model,Astra
2817,license_start,15/12/2023
2818,license_end,14/12/2024
2819,plate,PHV3686
2820,vrm,MF65XPO
2821,make,Volkswagen
2822,model,Passat
2823,license_start,17/12/2023
2824,license_end,16/12/2024
2825,plate,PHV3694
2826,vrm,YN18XRU
2827,make,Hyundai
2828,model,Ioniq
2829,license_start,17/12/2023
2830,license_end,16/12/2024
2831,plate,PHV3366
2832,vrm,DF14VNS
2833,make,Toyota
2834,model,Auris
2835,license_start,19/12/2023
2836,license_end,18/12/2024
2837,plate,PHV3528
2838,vrm,WP67YBO
2839,make,Toyota
2840,model,Prius
2841,license_start,19/12/2023
2842,license_end,18/12/2024
2843,plate,PHV3530
2844,vrm,HA51VVV
2845,make,Audi
2846,model,A4
2847,license_start,20/12/2023
2848,license_end,19/12/2024
2849,plate,PHV3698
2850,vrm,SL17KZT
2851,make,Toyota
2852,model,Auris
2853,license_start,20/12/2023
2854,license_end,19/12/2024
2855,plate,PHV3828
2856,vrm,KY71ZVJ
2857,make,Toyota
2858,model,Corolla
2859,license_start,20/12/2023
2860,license_end,19/12/2024
2861,plate,PHV3988
2862,vrm,ET67KWX
2863,make,Volkswagen
2864,model,Passat
2865,license_start,20/12/2023
2866,license_end,19/12/2024
2867,plate,PHV3692
2868,vrm,HK65FHD
2869,make,Seat
2870,model,Alhambra
2871,license_start,21/12/2023
2872,license_end,20/12/2024
2873,plate,PHV3987
2874,vrm,YS17FNN
2875,make,Seat
2876,model,Alhambra
2877,license_start,21/12/2023
2878,license_end,20/12/2024
2879,plate,PHV3990
2880,vrm,OY22UJU
2881,make,Mercedes-Benz
2882,model,E220AMG
2883,license_start,21/12/2023
2884,license_end,20/12/2024
2885,plate,PHV3510
2886,vrm,FN18NNT
2887,make,Toyota
2888,model,Auris
2889,license_start,22/12/2023
2890,license_end,21/12/2024
2891,plate,PHV3820
2892,vrm,DH66AHC
2893,make,Skoda
2894,model,Superb
2895,license_start,22/12/2023
2896,license_end,21/12/2024
2897,plate,PHV3843
2898,vrm,MF66YST
2899,make,Volkswagen
2900,model,Transporter
2901,license_start,22/12/2023
2902,license_end,21/12/2024
2903,plate,PHV3992
2904,vrm,BX64VYS
2905,make,Toyota
2906,model,Prius
2907,license_start,22/12/2023
2908,license_end,21/12/2024
2909,plate,PHV3989
2910,vrm,LC14ULK
2911,make,Volkswagen
2912,model,Sharan
2913,license_start,28/12/2023
2914,license_end,27/12/2024
2915,plate,PHV3152
2916,vrm,DN14DVT
2917,make,Toyota
2918,model,Auris
2919,license_start,29/12/2023
2920,license_end,28/12/2024
2921,plate,PHV3851
2922,vrm,T6DTC
2923,make,Volkswagen
2924,model,Touran
2925,license_start,29/12/2023
2926,license_end,28/12/2024
2927,plate,PHV3994
2928,vrm,DY19WAA
2929,make,Hyundai
2930,model,Ioniq
2931,license_start,29/12/2023
2932,license_end,28/12/2024
2933,plate,PHV3982
2934,vrm,EY20WRP
2935,make,Skoda
2936,model,Superb
2937,license_start,03/01/2024
2938,license_end,02/01/2025
2939,plate,PHV2635
2940,vrm,AM14SAJ
2941,make,Volkswagen
2942,model,Touran
2943,license_start,04/01/2024
2944,license_end,03/01/2025
2945,plate,PHV3519
2946,vrm,FM67FUH
2947,make,Toyota
2948,model,Auris
2949,license_start,04/01/2024
2950,license_end,03/01/2025
2951,plate,PHV3857
2952,vrm,ME19ODS
2953,make,Skoda
2954,model,Superb
2955,license_start,04/01/2024
2956,license_end,03/01/2025
2957,plate,PHV3991
2958,vrm,LJ18KUH
2959,make,Toyota
2960,model,Prius
2961,license_start,04/01/2024
2962,license_end,03/01/2025
2963,plate,PHV3993
2964,vrm,LA14GHA
2965,make,Ford
2966,model,Tourneo
2967,license_start,08/01/2024
2968,license_end,07/01/2025
2969,plate,PHV3861
2970,vrm,DA69HBP
2971,make,Toyota
2972,model,Prius
2973,license_start,13/01/2024
2974,license_end,08/01/2025
2975,plate,PHV3368
2976,vrm,LM64UWP
2977,make,Volkswagen
2978,model,Sharan
2979,license_start,10/01/2024
2980,license_end,09/01/2025
2981,plate,PHV3481
2982,vrm,LT65OFE
2983,make,Ford
2984,model,Galaxy
2985,license_start,10/01/2024
2986,license_end,09/01/2025
2987,plate,PHV3854
2988,vrm,LK19FKA
2989,make,Volkswagen
2990,model,Transporter
2991,license_start,11/01/2024
2992,license_end,09/01/2025
2993,plate,PHV3157
2994,vrm,MK64TZA
2995,make,Skoda
2996,model,Octavia
2997,license_start,11/01/2024
2998,license_end,10/01/2025
2999,plate,PHV3516
3000,vrm,FM64DTN
3001,make,Ford
3002,model,GrandC Max
3003,license_start,11/01/2024
3004,license_end,10/01/2025
3005,plate,PHV3998
3006,vrm,EN21OJA
3007,make,Hyundai
3008,model,Ioniq
3009,license_start,11/01/2024
3010,license_end,10/01/2025
3011,plate,PHV3999
3012,vrm,EK1127
3013,make,Skoda
3014,model,Superb
3015,license_start,11/01/2024
3016,license_end,10/01/2025
3017,plate,PHV3436
3018,vrm,GJ13BFF
3019,make,Seat
3020,model,Exeo
3021,license_start,12/01/2024
3022,license_end,11/01/2025
3023,plate,PHV3996
3024,vrm,FG21BKJ
3025,make,Skoda
3026,model,Octavia
3027,license_start,12/01/2024
3028,license_end,11/01/2025
3029,plate,PHV3845
3030,vrm,BG64LHZ
3031,make,Ford
3032,model,Galaxy
3033,license_start,13/01/2024
3034,license_end,12/01/2025
3035,plate,PHV3535
3036,vrm,WP67YCA
3037,make,Toyota
3038,model,Prius
3039,license_start,14/01/2024
3040,license_end,13/01/2025
3041,plate,PHV3703
3042,vrm,GF19TNX
3043,make,Volkswagen
3044,model,Transporter
3045,license_start,14/01/2024
3046,license_end,13/01/2025
3047,plate,PHV3704
3048,vrm,OV68JHH
3049,make,Skoda
3050,model,Octavia
3051,license_start,14/01/2024
3052,license_end,13/01/2025
3053,plate,PHV3176
3054,vrm,FA16KVS
3055,make,Toyota
3056,model,Auris
3057,license_start,16/01/2024
3058,license_end,15/01/2025
3059,plate,PHV3526
3060,vrm,DP16RJU
3061,make,Vauxhall
3062,model,Vivaro
3063,license_start,16/01/2024
3064,license_end,15/01/2025
3065,plate,PHV3859
3066,vrm,GD14CYA
3067,make,Volkswagen
3068,model,Sharan
3069,license_start,16/01/2024
3070,license_end,15/01/2025
3071,plate,PHV3408
3072,vrm,FG65UBL
3073,make,Volkswagen
3074,model,Passat
3075,license_start,17/01/2024
3076,license_end,16/01/2025
3077,plate,PHV4000
3078,vrm,M11AHG
3079,make,Toyota
3080,model,Prius
3081,license_start,17/01/2024
3082,license_end,16/01/2025
3083,plate,PHV3702
3084,vrm,YM65GFJ
3085,make,Vauxhall
3086,model,Insignia
3087,license_start,18/01/2024
3088,license_end,17/01/2025
3089,plate,PHV3856
3090,vrm,SL63FKF
3091,make,Mercedes-Benz
3092,model,Vito
3093,license_start,18/01/2024
3094,license_end,17/01/2025
3095,plate,PHV3947
3096,vrm,YJ14CFV
3097,make,Renault
3098,model,MasterSL30
3099,license_start,19/01/2024
3100,license_end,18/01/2025
3101,plate,PHV3997
3102,vrm,EN67HPC
3103,make,Hyundai
3104,model,Ioniq
3105,license_start,19/01/2024
3106,license_end,18/01/2025
3107,plate,PHV4001
3108,vrm,RK18LLN
3109,make,Hyundai
3110,model,Ioniq
3111,license_start,19/01/2024
3112,license_end,18/01/2025
3113,plate,PHV4003
3114,vrm,PN69EYO
3115,make,Volkswagen
3116,model,Sharan
3117,license_start,19/01/2024
3118,license_end,18/01/2025
3119,plate,PHV3693
3120,vrm,KP71JFX
3121,make,Skoda
3122,model,Enyaq
3123,license_start,22/01/2024
3124,license_end,21/01/2025
3125,plate,PHV3423
3126,vrm,WX66ZPY
3127,make,Volkswagen
3128,model,Passat
3129,license_start,09/02/2024
3130,license_end,23/01/2025
3131,plate,PHV3699
3132,vrm,EN18HLF
3133,make,Hyundai
3134,model,Ioniq
3135,license_start,24/01/2024
3136,license_end,23/01/2025
3137,plate,PHV2820
3138,vrm,GU64HNB
3139,make,Toyota
3140,model,Auris
3141,license_start,26/01/2024
3142,license_end,25/01/2025
3143,plate,PHV3866
3144,vrm,FL19YKR
3145,make,Toyota
3146,model,Corolla
3147,license_start,27/01/2024
3148,license_end,26/01/2025
3149,plate,PHV3680
3150,vrm,NA18WNL
3151,make,Hyundai
3152,model,Ioniq
3153,license_start,29/01/2024
3154,license_end,28/01/2025
3155,plate,PHV4010
3156,vrm,KP73FBC
3157,make,Toyota
3158,model,RAV4
3159,license_start,29/01/2024
3160,license_end,28/01/2025
3161,plate,PHV3674
3162,vrm,S17YRO
3163,make,Mercedes-Benz
3164,model,V220
3165,license_start,30/01/2024
3166,license_end,29/01/2025
3167,plate,PHV3865
3168,vrm,BK67HSZ
3169,make,Volkswagen
3170,model,Passat
3171,license_start,30/01/2024
3172,license_end,29/01/2025
3173,plate,PHV3697
3174,vrm,YG66WFW
3175,make,Skoda
3176,model,Octavia
3177,license_start,01/02/2024
3178,license_end,31/01/2025
3179,plate,PHV2925
3180,vrm,F3PKR
3181,make,Mercedes-Benz
3182,model,V-Class
3183,license_start,02/02/2024
3184,license_end,01/02/2025
3185,plate,PHV3164
3186,vrm,TX51CUZ
3187,make,Volkswagen
3188,model,Sharan
3189,license_start,02/02/2024
3190,license_end,01/02/2025
3191,plate,PHV3395
3192,vrm,MX63CUA
3193,make,Vauxhall
3194,model,Insignia
3195,license_start,02/02/2024
3196,license_end,01/02/2025
3197,plate,PHV3537
3198,vrm,FD66CYH
3199,make,Toyota
3200,model,Prius
3201,license_start,02/02/2024
3202,license_end,01/02/2025
3203,plate,PHV3864
3204,vrm,FE19DZM
3205,make,Vauxhall
3206,model,Insignia
3207,license_start,02/02/2024
3208,license_end,01/02/2025
3209,plate,PHV3995
3210,vrm,DG14JXJ
3211,make,Vauxhall
3212,model,Zafira
3213,license_start,02/02/2024
3214,license_end,01/02/2025
3215,plate,PHV2922
3216,vrm,SF14FCN
3217,make,Peugeot
3218,model,Expert
3219,license_start,03/02/2024
3220,license_end,02/02/2025
3221,plate,PHV3407
3222,vrm,RE63WOY
3223,make,Skoda
3224,model,Superb
3225,license_start,03/02/2024
3226,license_end,02/02/2025
3227,plate,PHV3867
3228,vrm,KR17WYM
3229,make,Toyota
3230,model,Prius
3231,license_start,05/02/2024
3232,license_end,04/02/2025
3233,plate,PHV4004
3234,vrm,OY71JVJ
3235,make,Hyundai
3236,model,Ioniq
3237,license_start,05/02/2024
3238,license_end,04/02/2025
3239,plate,PHV4009
3240,vrm,OY20OFX
3241,make,Toyota
3242,model,Corolla
3243,license_start,05/02/2024
3244,license_end,04/02/2025
3245,plate,PHV3536
3246,vrm,SF68DXC
3247,make,Citroen
3248,model,Relay
3249,license_start,06/02/2024
3250,license_end,05/02/2025
3251,plate,PHV3415
3252,vrm,YJ17DVW
3253,make,Renault
3254,model,Master
3255,license_start,07/02/2024
3256,license_end,06/02/2025
3257,plate,PHV4005
3258,vrm,FD70XRF
3259,make,Toyota
3260,model,C-HR
3261,license_start,07/02/2024
3262,license_end,06/02/2025
3263,plate,PHV4006
3264,vrm,MX16FUJ
3265,make,Peugeot
3266,model,Boxer
3267,license_start,07/02/2024
3268,license_end,06/02/2025
3269,plate,PHV3540
3270,vrm,MV17ZSF
3271,make,Toyota
3272,model,Auris
3273,license_start,16/02/2024
3274,license_end,07/02/2025
3275,plate,PHV4008
3276,vrm,KX17MDS
3277,make,Seat
3278,model,Alhambra
3279,license_start,08/02/2024
3280,license_end,07/02/2025
3281,plate,PHV2733
3282,vrm,AV14NXH
3283,make,Mercedes-Benz
3284,model,Vito
3285,license_start,09/02/2024
3286,license_end,08/02/2025
3287,plate,PHV3412
3288,vrm,LS66DDK
3289,make,Toyota
3290,model,Prius
3291,license_start,10/02/2024
3292,license_end,09/02/2025
3293,plate,PHV3533
3294,vrm,SG14MOU
3295,make,Mercedes-Benz
3296,model,Vito
3297,license_start,13/02/2024
3298,license_end,12/02/2025
3299,plate,PHV4013
3300,vrm,KO17VDR
3301,make,Mercedes-Benz
3302,model,EClass
3303,license_start,13/02/2024
3304,license_end,12/02/2025
3305,plate,PHV3716
3306,vrm,CA68SWF
3307,make,Hyundai
3308,model,Ioniq
3309,license_start,15/02/2024
3310,license_end,14/02/2025
3311,plate,PHV3869
3312,vrm,LR22WLX
3313,make,Hyundai
3314,model,Ioniq
3315,license_start,15/02/2024
3316,license_end,14/02/2025
3317,plate,PHV3870
3318,vrm,NX69UHW
3319,make,Hyundai
3320,model,Ioniq
3321,license_start,16/02/2024
3322,license_end,14/02/2025
3323,plate,PHV4014
3324,vrm,MD68OZS
3325,make,Volkswagen
3326,model,Passat
3327,license_start,15/02/2024
3328,license_end,14/02/2025
3329,plate,PHV3542
3330,vrm,FM67FVO
3331,make,Toyota
3332,model,Auris
3333,license_start,16/02/2024
3334,license_end,15/02/2025
3335,plate,PHV3403
3336,vrm,LK15HBD
3337,make,Toyota
3338,model,Prius
3339,license_start,18/02/2024
3340,license_end,17/02/2025
3341,plate,PHV3871
3342,vrm,H8ERA
3343,make,Toyota
3344,model,Auris
3345,license_start,20/02/2024
3346,license_end,19/02/2025
3347,plate,PHV3872
3348,vrm,KM18KCU
3349,make,Mercedes-Benz
3350,model,C220d
3351,license_start,23/02/2024
3352,license_end,22/02/2025
3353,plate,PHV2945
3354,vrm,KU14UHG
3355,make,Volkswagen
3356,model,Sharan
3357,license_start,26/02/2024
3358,license_end,25/02/2025
3359,plate,PHV3729
3360,vrm,FP63MWN
3361,make,Vauxhall
3362,model,Movano
3363,license_start,15/03/2024
3364,license_end,14/03/2025
3365,plate,HackneyCarriage Vehicles TXV18
3366,vrm,SF67BOH
3367,make,Peugeot
3368,model,Horizon
3369,license_start,20/02/2023
3370,license_end,19/02/2024
3371,plate,TXV48
3372,vrm,PN60UXU
3373,make,Citroen
3374,model,Berlingo
3375,license_start,20/02/2023
3376,license_end,19/02/2024
3377,plate,TXV38
3378,vrm,SF62AVB
3379,make,Peugeot
3380,model,Partner
3381,license_start,22/02/2023
3382,license_end,21/02/2024
3383,plate,TXV69
3384,vrm,DK57UAA
3385,make,Mercedes
3386,model,Vito
3387,license_start,27/02/2023
3388,license_end,26/02/2024
3389,plate,TXV50
3390,vrm,SF62ECD
3391,make,Peugeot
3392,model,Horizon
3393,license_start,29/03/2023
3394,license_end,28/03/2024
3395,plate,TXV1
3396,vrm,MJ64OAE
3397,make,FordTourneo
3398,model,Tourneo
3399,license_start,24/04/2023
3400,license_end,03/04/2024
3401,plate,TXV28
3402,vrm,SF15EJZ
3403,make,Peugeot
3404,model,Horizon
3405,license_start,06/04/2023
3406,license_end,05/04/2024
3407,plate,TXV67
3408,vrm,YY10VUT
3409,make,Volkswagen
3410,model,Caddy
3411,license_start,12/04/2023
3412,license_end,11/04/2024
3413,plate,TXV30
3414,vrm,OO53ZEE
3415,make,Volkswagen
3416,model,Caddy
3417,license_start,13/04/2023
3418,license_end,12/04/2024
3419,plate,TXV5
3420,vrm,SF65LGK
3421,make,Volkswagen
3422,model,Caddy
3423,license_start,28/04/2023
3424,license_end,27/04/2024
3425,plate,TXV66
3426,vrm,SF65CWV
3427,make,Peugeot
3428,model,E7
3429,license_start,18/05/2023
3430,license_end,17/05/2024
3431,model,TXVista Comfort
3432,plate,TXV58
3433,vrm,LL68RUU
3434,make,LEVC
3435,license_start,24/05/2023
3436,license_end,23/05/2024
3437,model,Plus
3438,plate,TXV44
3439,vrm,DK10BTO
3440,make,Volkswagen
3441,model,Caddy
3442,license_start,01/06/2023
3443,license_end,31/05/2024
3444,plate,TXV68
3445,vrm,SF13GDE
3446,make,Peugeot
3447,model,Horizon
3448,license_start,15/06/2023
3449,license_end,14/06/2024
3450,plate,TXV39
3451,vrm,NK16DPN
3452,make,Volkswagen
3453,model,Caddy
3454,license_start,22/06/2023
3455,license_end,21/06/2024
3456,plate,TXV8
3457,vrm,S41EED
3458,make,Mercedes-Benz
3459,model,Vito
3460,license_start,01/07/2023
3461,license_end,30/06/2024
3462,plate,TXV12
3463,vrm,AV17THN
3464,make,Volkswagen
3465,model,Caddy
3466,license_start,04/07/2023
3467,license_end,03/07/2024
3468,plate,TXV59
3469,vrm,NK58GHX
3470,make,Volkswagen
3471,model,Caddy
3472,license_start,11/07/2023
3473,license_end,10/07/2024
3474,plate,TXV21
3475,vrm,SF66GUG
3476,make,Peugeot
3477,model,Horizon
3478,license_start,12/07/2023
3479,license_end,11/07/2024
3480,plate,TXV27
3481,vrm,KX07MWZ
3482,make,Mercedes-Benz
3483,model,Vito
3484,license_start,12/07/2023
3485,license_end,11/07/2024
3486,plate,TXV11
3487,vrm,YY05KUC
3488,make,Fiat
3489,model,Doblo
3490,license_start,21/07/2023
3491,license_end,20/07/2024
3492,plate,TXV41
3493,vrm,SF12LMY
3494,make,Peugeot
3495,model,Premier
3496,license_start,24/07/2023
3497,license_end,23/07/2024
3498,plate,TXV62
3499,vrm,SF66SBO
3500,make,Volkswagen
3501,model,Caddy
3502,license_start,04/08/2023
3503,license_end,01/08/2024
3504,plate,TXV70
3505,vrm,JE03ZEE
3506,make,Volkswagen
3507,model,Caddy
3508,license_start,02/08/2023
3509,license_end,01/08/2024
3510,plate,TXV7
3511,vrm,SF62KPJ
3512,make,Peugeot
3513,model,Horizon
3514,license_start,05/08/2023
3515,license_end,04/08/2024
3516,plate,TXV37
3517,vrm,LD13AUH
3518,make,Mercedes
3519,model,Vito
3520,license_start,09/08/2023
3521,license_end,08/08/2024
3522,plate,TXV6
3523,vrm,OX51RAM
3524,make,Mercedes-Benz
3525,model,Vito
3526,license_start,10/08/2023
3527,license_end,09/08/2024
3528,plate,TXV20
3529,vrm,LN59UNG
3530,make,Mercedes-Benz
3531,model,Vito
3532,license_start,07/08/2023
3533,license_end,10/08/2024
3534,plate,TXV23
3535,vrm,SA57GKV
3536,make,Peugeot
3537,model,Partner
3538,license_start,18/08/2023
3539,license_end,17/08/2024
3540,plate,TXV17
3541,vrm,WG56GKO
3542,make,Volkswagen
3543,model,Caddy
3544,license_start,25/08/2023
3545,license_end,24/08/2024
3546,plate,TXV16
3547,vrm,SF14BHJ
3548,make,Peugeot
3549,model,Horizon
3550,license_start,01/09/2023
3551,license_end,31/08/2024
3552,plate,TXV10
3553,vrm,SF62AHA
3554,make,Peugeot
3555,model,Horizon
3556,license_start,03/09/2023
3557,license_end,02/09/2024
3558,plate,TXV9
3559,vrm,SF60LDL
3560,make,Peugeot
3561,model,Partner
3562,license_start,12/09/2023
3563,license_end,11/09/2024
3564,plate,TXV13
3565,vrm,YX68SUH
3566,make,Volkswagen
3567,model,Caddy
3568,license_start,28/09/2023
3569,license_end,27/09/2024
3570,plate,TXV65
3571,vrm,SN11EWF
3572,make,Citroen
3573,model,Dispatch
3574,license_start,06/10/2023
3575,license_end,05/10/2024
3576,plate,TXV45
3577,vrm,SK11ZSX
3578,make,Volkswagen
3579,model,Caddy
3580,license_start,09/10/2023
3581,license_end,08/10/2024
3582,plate,TXV32
3583,vrm,SF66EYK
3584,make,Peugeot
3585,model,Partner
3586,license_start,13/10/2023
3587,license_end,12/10/2024
3588,plate,TXV31
3589,vrm,SF15FOM
3590,make,Peugeot
3591,model,PremierRX
3592,license_start,16/10/2023
3593,license_end,15/10/2024
3594,model,TXVista Comfort
3595,plate,TXV29
3596,vrm,LS70GKE
3597,make,Levc
3598,license_start,18/10/2023
3599,license_end,17/10/2024
3600,model,Plus
3601,plate,TXV4
3602,vrm,SF12LXN
3603,make,Peugeot
3604,model,Partner
3605,license_start,21/10/2023
3606,license_end,20/10/2024
3607,plate,TXV14
3608,vrm,SF61KKD
3609,make,Peugeot
3610,model,Horizon
3611,license_start,23/10/2023
3612,license_end,22/10/2024
3613,plate,TXV33
3614,vrm,SH03WON
3615,make,Mercedes
3616,model,Vito
3617,license_start,27/10/2023
3618,license_end,26/10/2024
3619,plate,TXV43
3620,vrm,NK17CKE
3621,make,Citroen
3622,model,Berlingo
3623,license_start,27/10/2023
3624,license_end,26/10/2024
3625,plate,TXV22
3626,vrm,DK08CVA
3627,make,Volkswagen
3628,model,Caddy
3629,license_start,04/11/2023
3630,license_end,03/11/2024
3631,plate,TXV46
3632,vrm,SF12FYA
3633,make,PeugeotPartner
3634,model,Horizon
3635,license_start,07/11/2023
3636,license_end,06/11/2024
3637,plate,TXV54
3638,vrm,SF66EWA
3639,make,Peugeot
3640,model,Partner
3641,license_start,15/11/2023
3642,license_end,14/11/2024
3643,plate,TXV61
3644,vrm,SD63EJO
3645,make,Peugeot
3646,model,Horizon
3647,license_start,16/11/2023
3648,license_end,15/11/2024
3649,plate,TXV19
3650,vrm,NK13FND
3651,make,Citroen
3652,model,Berlingo
3653,license_start,17/11/2023
3654,license_end,16/11/2024
3655,plate,TXV15
3656,vrm,SF15HTT
3657,make,Peugeot
3658,model,Eurotaxi
3659,license_start,22/11/2023
3660,license_end,21/11/2024
3661,plate,TXV63
3662,vrm,SD63DGX
3663,make,Peugeot
3664,model,Horizon
3665,license_start,23/11/2023
3666,license_end,22/11/2024
3667,plate,TXV42
3668,vrm,XX53ZEE
3669,make,Volkswagen
3670,model,Caddy
3671,license_start,01/12/2023
3672,license_end,30/11/2024
3673,plate,TXV3
3674,vrm,YN09CJE
3675,make,Volkswagen
3676,model,Caddy
3677,license_start,08/12/2023
3678,license_end,07/12/2024
3679,plate,TXV57
3680,vrm,GJ69VMA
3681,make,VW
3682,model,Transporter
3683,license_start,11/12/2023
3684,license_end,10/12/2024
3685,plate,TXV53
3686,vrm,LD09BLF
3687,make,Mercedes-Benz
3688,model,Vito
3689,license_start,12/12/2023
3690,license_end,11/12/2024
3691,plate,TXV56
3692,vrm,SF10BDV
3693,make,Peugeot
3694,model,Partner
3695,license_start,19/12/2023
3696,license_end,18/12/2024
3697,plate,TXV51
3698,vrm,KD15PHO
3699,make,LondonTaxi
3700,model,TX4
3701,license_start,20/12/2023
3702,license_end,19/12/2024
3703,plate,TXV64
3704,vrm,LK57LJO
3705,make,London
3706,model,Taxi
3707,license_start,21/12/2023
3708,license_end,20/12/2024
3709,plate,TXV40
3710,vrm,LD09YLR
3711,make,Mercedes
3712,model,Vito
3713,license_start,22/12/2023
3714,license_end,21/12/2024
3715,plate,TXV2
3716,vrm,B166RAM
3717,make,Mercedes-Benz
3718,model,Vito
3719,license_start,29/12/2023
3720,license_end,28/12/2024
3721,plate,TXV47
3722,vrm,SF15DWX
3723,make,Peugeot
3724,model,Horizon
3725,license_start,29/12/2023
3726,license_end,28/12/2024
3727,plate,TXV60
3728,vrm,NK60CWV
3729,make,Volkswagen
3730,model,Caddy
3731,license_start,18/01/2024
3732,license_end,17/01/2025
3733,plate,TXV5
3734,vrm,DP69EMF
3735,make,Volkswagen
3736,model,Caddy
3737,license_start,05/02/2024
3738,license_end,04/02/2025
3739,plate,TXV34
3740,vrm,YN59CPY
3741,make,Volkswagen
3742,model,Caddy
3743,license_start,07/02/2024
3744,license_end,06/02/2025
3745,plate,TXV49
3746,vrm,SF12ATV
3747,make,Peugeot
3748,model,Horizon
3749,license_start,10/02/2024
3750,license_end,09/02/2025
